count	employer_name	employer_url	category_code	category_code
15	ARTIFICIAL INTELLIGENCE TECHNOLOGIES LLC	/h1b-sponsors/artificial-intelligence-technologies-llc-g27r9jdm05	DA
15	QUANTUM TECHNOLOGIES LLC	/h1b-sponsors/quantum-technologies-llc-8r0v38r9k1	DA
14	CLOUD HYBRID TECHNOLOGIES LLC	/h1b-sponsors/cloud-hybrid-technologies-llc-rd0g4vvq0o	DA
13	DATA SCIENCE TECHNOLOGIES LLC	/h1b-sponsors/data-science-technologies-llc-rd0gvpwy0o	DA
11	ROBOTICS TECHNOLOGIES LLC	/h1b-sponsors/robotics-technologies-llc-m2m6ndnj01	DA
11	EPITEC INC	/h1b-sponsors/epitec-inc-pg27mz7q25	DA
10	META PLATFORMS INC	/h1b-sponsors/meta-platforms-inc-w2xp7xj6k3	DA
10	DIGITAL TECHNOLOGIES LLC	/h1b-sponsors/digital-technologies-llc-4l0ydnrq0x	DA
10	V SOFT CONSULTING GROUP INC	/h1b-sponsors/v-soft-consulting-group-inc-x30qy13gkq	DA
9	POPULUS GROUP LLC	/h1b-sponsors/populus-group-llc-150nvvygkg	DA
8	SYSTEM SOFT TECHNOLOGIES LLC	/h1b-sponsors/system-soft-technologies-llc-8r0v3l39k1	DA
8	SOCIAL FINANCE INC	/h1b-sponsors/social-finance-inc-vk487mvy0w	DA
7	ALPHA NET CONSULTING LLC	/h1b-sponsors/alpha-net-consulting-llc-9k5n5enyk1	DA
6	SIRI INFOSOLUTIONS INC	/h1b-sponsors/siri-infosolutions-inc-nokp5e3z04	DA
6	MID ATLANTIC PERMANENTE MEDICAL GROUP	/h1b-sponsors/mid-atlantic-permanente-medical-group-ok8518drkd	DA
6	MPG OPERATIONS LLC	/h1b-sponsors/mpg-operations-llc-nokp785yk4	DA
6	AKTRA INC	/h1b-sponsors/aktra-inc-1ok8drew2d	DA
6	ROCKET MORTGAGE LLC	/h1b-sponsors/rocket-mortgage-llc-l0yve3mp0x	DA
6	QUANTUM INTEGRATORS GROUP LLC	/h1b-sponsors/quantum-integrators-group-llc-pg2716ym25	DA
6	MARKETING ASSOCIATES LLC DBA ONEMAGNIFY	/h1b-sponsors/marketing-associates-llc-dba-onemagnify-dvk473gpkw	DA
5	ITLIZE GLOBAL LLC	/h1b-sponsors/itlize-global-llc-g101y9ep07	DA
5	XSUNT CORPORATION	/h1b-sponsors/xsunt-corporation-em2mg7xd21	DA
5	S9 TECHNOLOGIES INC	/h1b-sponsors/s9-technologies-inc-dvk4emqv0w	DA
5	ICONMA LLC	/h1b-sponsors/iconma-llc-x30ql8xz2q	DA
5	XENONINFOTEK INC	/h1b-sponsors/xenoninfotek-inc-dvk4z8w60w	DA
5	ASCENTT BUSINESS SYSTEMS INC	/h1b-sponsors/ascentt-business-systems-inc-op0lq4xlkl	DA
5	PROGRESSIVE CASUALTY INSURANCE COMPANY	/h1b-sponsors/progressive-casualty-insurance-company-370ondvkz1	DA
5	VENTOIS INC	/h1b-sponsors/ventois-inc-50nrg6v92g	DA
5	CISCO SYSTEMS INC	/h1b-sponsors/cisco-systems-inc-370oq38ykz	DA
5	IKCON TECHNOLOGIES INC	/h1b-sponsors/ikcon-technologies-inc-vk487q660w	DA
5	MOXIE IT SOLUTIONS	/h1b-sponsors/moxie-it-solutions-p0l4ropj2l	DA
5	MH SUB I LLC DBA INTERNET BRANDS INC	/h1b-sponsors/mh-sub-i-llc-dba-internet-brands-inc-82wr459xk1	DA
4	ITS NATIONAL LLC	/h1b-sponsors/its-national-llc-g27rwov705	DA
4	ANTRA INC	/h1b-sponsors/antra-inc-6g06eyr3kq	DA
4	ASCENDION INC FORMERLY KNOWN AS COLLABERA INC	/h1b-sponsors/ascendion-inc-formerly-known-as-collabera-inc-1kzng5rqkm	DA
4	CALIFORNIA CREATIVE SOLUTIONS INC	/h1b-sponsors/california-creative-solutions-inc-6g06nql3kq	DA
4	JPMORGAN CHASE & CO	/h1b-sponsors/jpmorgan-chase-and-co-5g2r7gdekl	DA
4	NUANZA INC	/h1b-sponsors/nuanza-inc-p0l491vm2l	DA
4	CITIUSTECH INC	/h1b-sponsors/citiustech-inc-op0le6v4kl	DA
4	ALTEK INC	/h1b-sponsors/altek-inc-w2xppmvmk3	DA
4	ONEMAIN GENERAL SERVICES CORPORATION	/h1b-sponsors/onemain-general-services-corporation-g101lmp8k7	DA
4	DENKEN SOLUTIONS INC	/h1b-sponsors/denken-solutions-inc-560dpxzd08	DA
4	CERTIFIED KERNEL TECH LLC	/h1b-sponsors/certified-kernel-tech-llc-50nr4vme2g	DA
4	APPLE INC	/h1b-sponsors/apple-inc-6g06vq412q	DA
4	RANDSTAD TECHNOLOGIES LLC	/h1b-sponsors/randstad-technologies-llc-op0ly7wx2l	DA
4	PRABHAV SERVICES INC	/h1b-sponsors/prabhav-services-inc-dvk4vrpkwp	DA
4	AEGIS COMPANY	/h1b-sponsors/aegis-company-d1k9pw6v0m	DA
4	3I INFOTECH INC	/h1b-sponsors/3i-infotech-inc-vx23jxv3kg	DA
4	CBRE INC	/h1b-sponsors/cbre-inc-g1016r3vk7	DA
4	NYU GROSSMAN SCHOOL OF MEDICINE	/h1b-sponsors/nyu-grossman-school-of-medicine-50nrl3g92g	DA
4	EATEAM INC	/h1b-sponsors/eateam-inc-150nodz12g	DA
4	TIKTOK INC	/h1b-sponsors/tiktok-inc-ok854dn5kd	DA
4	BAANYAN SOFTWARE SERVICES INC	/h1b-sponsors/baanyan-software-services-inc-dvk4gyqvkw	DA
4	THE CHILDRENS HOSPITAL OF PHILADELPHIA	/h1b-sponsors/the-childrens-hospital-of-philadelphia-rd0glmmwko	DA
4	ERICSSON SMART FACTORY INC	/h1b-sponsors/ericsson-smart-factory-inc-60eq4r9m0z	DA
4	POINT72 LP	/h1b-sponsors/point72-lp-v82w53wd21	DA
4	EXPERIS US LLC	/h1b-sponsors/experis-us-llc-okprp9m924	DA
4	THE NORTH HIGHLAND COMPANY	/h1b-sponsors/the-north-highland-company-dvk44dlvkw	DA
4	CONFLUX SYSTEMS INC	/h1b-sponsors/conflux-systems-inc-vx23ddvvkg	DA
4	HAN IT STAFFING INC	/h1b-sponsors/han-it-staffing-inc-g0666pwq0q	DA
3	PULSEPOINT INC	/h1b-sponsors/pulsepoint-inc-1ok8xze30d	DA
3	GSS INFOTECH CT INC	/h1b-sponsors/gss-infotech-ct-inc-v82wq34215	DA
3	SNG INFOTECH INC	/h1b-sponsors/sng-infotech-inc-60d9rwqdk8	DA
3	NUMERO DATA LLC	/h1b-sponsors/numero-data-llc-p1kzqe1qkm	DA
3	STAFFWORXS LLC	/h1b-sponsors/staffworxs-llc-60d9jp7wk8	DA
3	NORTHWELL HEALTH	/h1b-sponsors/northwell-health-x30qq98g0q	DA
3	APEX FINTECH SERVICES LLC	/h1b-sponsors/apex-fintech-services-llc-ok859jg5kd	DA
3	ITVORKS INC	/h1b-sponsors/itvorks-inc-p1kzo3ly0m	DA
3	S&R IT INC	/h1b-sponsors/s-and-r-it-inc-6g06ex31kq	DA
3	AVCO CONSULTING INC	/h1b-sponsors/avco-consulting-inc-n60eredr2z	DA
3	TESLA INC	/h1b-sponsors/tesla-inc-op0l16qz2l	DA
3	MOYI INC	/h1b-sponsors/moyi-inc-1kzn1rwykm	DA
3	QUANTERIAN LLC	/h1b-sponsors/quanterian-llc-r0v6n619k1	DA
3	DANMAR INTERIORS INC	/h1b-sponsors/danmar-interiors-inc-g2r6y5z32l	DA
3	EPSILON DATA MANAGEMENT LLC	/h1b-sponsors/epsilon-data-management-llc-370onp1rkz	DA
3	IBLESOFT INC	/h1b-sponsors/iblesoft-inc-g27r5wl705	DA
3	COLLABORATE SOLUTIONS INC	/h1b-sponsors/collaborate-solutions-inc-p1kzg9q2m5	DA
3	HSQUARE IT SOLUTIONS INC	/h1b-sponsors/hsquare-it-solutions-inc-510jy87e0v	DA
3	PAMTEN INC	/h1b-sponsors/pamten-inc-g0666m710q	DA
3	HISENSE USA CORPORATION	/h1b-sponsors/hisense-usa-corporation-n60e7penkz	DA
3	CLOUD RESOURCES LLC	/h1b-sponsors/cloud-resources-llc-op0lx1zm0l	DA
3	UNICOM TECHNOLOGIES INC	/h1b-sponsors/unicom-technologies-inc-n60ey3mlkz	DA
3	ACEQUEST CORPORATION	/h1b-sponsors/acequest-corporation-l9k5gy621y	DA
3	ITG TECHNOLOGIES INC	/h1b-sponsors/itg-technologies-inc-vx23z9w30g	DA
3	SHOW ME LEADS INC	/h1b-sponsors/show-me-leads-inc-50nrvzlp2g	DA
3	INTELLIPRO GROUP INC	/h1b-sponsors/intellipro-group-inc-1ok84m7o2d	DA
3	SV TECHNOLOGY SERVICES LLC	/h1b-sponsors/sv-technology-services-llc-pg27olg705	DA
3	SAAP TECH SOLUTIONS LLC	/h1b-sponsors/saap-tech-solutions-llc-70ojvxer2z	DA
3	SUPER MICRO COMPUTER INC	/h1b-sponsors/super-micro-computer-inc-vx239ynn2g	DA
3	RADIXLINK INC	/h1b-sponsors/radixlink-inc-4l0yvoxp0x	DA
3	NEWFOLD DIGITAL INC	/h1b-sponsors/newfold-digital-inc-30q4dgl1kq	DA
3	STRATEGIC IT EXPERTS INC	/h1b-sponsors/strategic-it-experts-inc-dvk43z862w	DA
3	110 HOLDINGS LLC	/h1b-sponsors/110-holdings-llc-op0lx66x0l	DA
3	LIVING FORMULA CORPORATION	/h1b-sponsors/living-formula-corporation-1kzn4dl9km	DA
3	FLEXPORT INC	/h1b-sponsors/flexport-inc-370on7rkz1	DA
3	ENJOY TECHNOLOGY INC	/h1b-sponsors/enjoy-technology-inc-vk483wwv0w	DA
3	AMUNEAL MANUFACTURING CORPORATION	/h1b-sponsors/amuneal-manufacturing-corporation-1kzn4vqqkm	DA
3	XINQI LLC	/h1b-sponsors/xinqi-llc-p0l41zdj2l	DA
3	FREEDOM FINANCIAL NETWORK FUNDING LLC	/h1b-sponsors/freedom-financial-network-funding-llc-d0g9emv5ko	DA
3	DGN TECHNOLOGIES INC	/h1b-sponsors/dgn-technologies-inc-101zxq1827	DA
3	RNBW HOLDINGS LLC	/h1b-sponsors/rnbw-holdings-llc-g27rpoxg05	DA
3	EXLSERVICE.COM LLC	/h1b-sponsors/exlservice-dot-com-llc-70ojjngr2z	DA
3	ORISON SOLUTIONS LLC	/h1b-sponsors/orison-solutions-llc-30q4ov9zkq	DA
3	SEMICONDUCTOR COMPONENTS INDUSTRIES LLC	/h1b-sponsors/semiconductor-components-industries-llc-x30q86zz0q	DA
3	ZENITH INFOTEK LLC	/h1b-sponsors/zenith-infotek-llc-n60epl69kz	DA
3	FLEX CONSULTING GROUP INC	/h1b-sponsors/flex-consulting-group-inc-p1kzqldjkm	DA
3	AROHA TECHNOLOGIES INC	/h1b-sponsors/aroha-technologies-inc-p0l44o4j2l	DA
3	ICONSOFT INC	/h1b-sponsors/iconsoft-inc-rd0glq5yko	DA
3	LASAI TECHNOLOGIES LLC	/h1b-sponsors/lasai-technologies-llc-d0g9d8lyko	DA
3	HCL GLOBAL SYSTEMS INC	/h1b-sponsors/hcl-global-systems-inc-p1kz936q0m	DA
3	THE UNIVERSITY OF TENNESSEE HEALTH SCIENCE CENTER	/h1b-sponsors/the-university-of-tennessee-health-science-center-n60ey731kz	DA
3	VMC SOFT TECHNOLOGIES INC	/h1b-sponsors/vmc-soft-technologies-inc-10j7monl0v	DA
3	INFOCONS INC	/h1b-sponsors/infocons-inc-101zrwgv27	DA
3	GURUSCHOOLS LLC	/h1b-sponsors/guruschools-llc-30q4oq71kq	DA
3	INFOEXCEL INC	/h1b-sponsors/infoexcel-inc-d0g93d6qko	DA
3	SKIMS BODY INC	/h1b-sponsors/skims-body-inc-9k5nx7erk1	DA
3	PROMATICS INC	/h1b-sponsors/promatics-inc-l0yv95nq0x	DA
3	SOMEWHERE ASSETS MANAGEMENT LLC	/h1b-sponsors/somewhere-assets-management-llc-101zjojo27	DA
3	SAIL INTERNET INC	/h1b-sponsors/sail-internet-inc-70ojvxwy2z	DA
3	INFOGAIN CORPORATION	/h1b-sponsors/infogain-corporation-1ok84l432d	DA
3	SLCC FLOORING MIDWEST LLC	/h1b-sponsors/slcc-flooring-midwest-llc-1kzn471qkm	DA
3	COMPREHENSIVE RESOURCES INC	/h1b-sponsors/comprehensive-resources-inc-x30qvr1nkq	DA
3	VQUEST TECHNOLOGIES LLC	/h1b-sponsors/vquest-technologies-llc-l9k546q821	DA
3	THE UNIVERSITY OF ALABAMA AT BIRMINGHAM	/h1b-sponsors/the-university-of-alabama-at-birmingham-m2m6x85501	DA
3	ASSETMARK FINANCIAL HOLDINGS INC	/h1b-sponsors/assetmark-financial-holdings-inc-g066m57q0q	DA
3	BLITZ APP INC	/h1b-sponsors/blitz-app-inc-70oj47jv2z	DA
3	BEN GROUP INC	/h1b-sponsors/ben-group-inc-1k9n48wx2m	DA
2	ELIX INC	/h1b-sponsors/elix-inc-nokp3loz24	DA
2	COMSCORE INC	/h1b-sponsors/comscore-inc-101zyelz27	DA
2	JONES LANG LASALLE AMERICAS INC	/h1b-sponsors/jones-lang-lasalle-americas-inc-5g2rpmn3kl	DA
2	SLIGO SOFTWARE SOLUTIONS INC	/h1b-sponsors/sligo-software-solutions-inc-510je9752v	DA
2	INTONE NETWORKS INC	/h1b-sponsors/intone-networks-inc-4l0y95j6kx	DA
2	PBR INC	/h1b-sponsors/pbr-inc-vx23jjmqkg	DA
2	SBS AMERICA INC	/h1b-sponsors/sbs-america-inc-ok85n14wkd	DA
2	DECISION MINDS INC	/h1b-sponsors/decision-minds-inc-x30q1wzkqp	DA
2	ENERGY VAULT INC	/h1b-sponsors/energy-vault-inc-60eqweqm0z	DA
2	CY9 LLC	/h1b-sponsors/cy9-llc-60d9rgxdk8	DA
2	RANDSTAD DIGITAL LLC	/h1b-sponsors/randstad-digital-llc-g27jyd5y25	DA
2	DBR DIGITAL SERVICES LLC	/h1b-sponsors/dbr-digital-services-llc-l0yv9x3v0x	DA
2	ITALENT CORPORATION	/h1b-sponsors/italent-corporation-d0g9qzn5ko	DA
2	RITCHIE BROS AUCTIONEERS AMERICA INC	/h1b-sponsors/ritchie-bros-auctioneers-america-inc-1ok88ovwkd	DA
2	TECHPRO SOLUTIONS INC	/h1b-sponsors/techpro-solutions-inc-g27r5llq05	DA
2	THE BSST SOFTWARE GROUP	/h1b-sponsors/the-bsst-software-group-ok854865kd	DA
2	SVTRONICS INC	/h1b-sponsors/svtronics-inc-510jmoml0v	DA
2	QUALCOMM TECHNOLOGIES INC	/h1b-sponsors/qualcomm-technologies-inc-8r0v4qw301	DA
2	AIRGAS USA LLC	/h1b-sponsors/airgas-usa-llc-g101y35607	DA
2	AUTOMOTIVEMASTERMIND INC	/h1b-sponsors/automotivemastermind-inc-op0l85rmkl	DA
2	HORIZONPLUS TECHNOLOGIES INC	/h1b-sponsors/horizonplus-technologies-inc-p0l44r742l	DA
2	MAIL MEDIA INC	/h1b-sponsors/mail-media-inc-d1k9jvwx0m	DA
2	CAREER SOFT SOLUTIONS INC	/h1b-sponsors/career-soft-solutions-inc-560djqd084	DA
2	INNOVEX GROUP INC	/h1b-sponsors/innovex-group-inc-vk4n5x9n0w	DA
2	ERETEAM ANALYTICS USA CORP	/h1b-sponsors/ereteam-analytics-usa-corp-vk489wrv0w	DA
2	MAXDECISIONS LLC	/h1b-sponsors/maxdecisions-llc-x237x1pqkg	DA
2	ELISE AI TECHNOLOGIES CORP	/h1b-sponsors/elise-ai-technologies-corp-1k9n4q7q2m	DA
2	TT TECHNOLOGIES INC	/h1b-sponsors/tt-technologies-inc-nokp3ddy24	DA
2	SPACEWALK SYSTEMS INC	/h1b-sponsors/spacewalk-systems-inc-30q4drmgkq	DA
2	EDRIVING LLC	/h1b-sponsors/edriving-llc-v82wx7lk15	DA
2	A4 MEDIA LLC	/h1b-sponsors/a4-media-llc-10j7g11e0v	DA
2	AFFIRM INC	/h1b-sponsors/affirm-inc-dvk494dn2w	DA
2	TRENMOR LLC	/h1b-sponsors/trenmor-llc-m2m6xvy501	DA
2	I3GLOBALTECH INC	/h1b-sponsors/i3globaltech-inc-g1018gqv27	DA
2	VERINON TECHNOLOGY SOLUTIONS LTD	/h1b-sponsors/verinon-technology-solutions-ltd-nokpqdjy04	DA
2	ROBINHOOD MARKETS INC	/h1b-sponsors/robinhood-markets-inc-em2m9rzj01	DA
2	RIOSOFT TECHNOLOGY INC	/h1b-sponsors/riosoft-technology-inc-m2m6pr7901	DA
2	TECHNOSOFT CORPORATION	/h1b-sponsors/technosoft-corporation-nokp3zr924	DA
2	INTERNATIONAL TECHNOLOGY SOLUTIONS INC	/h1b-sponsors/international-technology-solutions-inc-5g2rqy1e0l	DA
2	EASTERN WYOMING COMMUNITY COLLEGE DISTRICT	/h1b-sponsors/eastern-wyoming-community-college-district-nokp8e8y04	DA
2	NEW ENGLAND CONTROLS INC	/h1b-sponsors/new-england-controls-inc-d0g91g7wko	DA
2	ALIGN TECHNOLOGY INC	/h1b-sponsors/align-technology-inc-ew2xzgmn03	DA
2	CHILDRENS CRISIS TREATMENT CENTER INC	/h1b-sponsors/childrens-crisis-treatment-center-inc-101zdeg827	DA
2	KNIGHT MANAGEMENT INSURANCE SERVICES LLC	/h1b-sponsors/knight-management-insurance-services-llc-1ok81o6z2d	DA
2	PHOTON INFOTECH INC	/h1b-sponsors/photon-infotech-inc-p0l49wzx2l	DA
2	DEVCARE SOLUTIONS LIMITED	/h1b-sponsors/devcare-solutions-limited-vx231dqgkg	DA
2	AUTOMATION TECHNOLOGIES LLC	/h1b-sponsors/automation-technologies-llc-560dz1dd28	DA
2	POLARIS PHARMACY SERVICES OF FT LAUDERDALE LLC	/h1b-sponsors/polaris-pharmacy-services-of-ft-lauderdale-llc-g2r6mwr62l	DA
2	PRAMIS SOLUTIONS LLC	/h1b-sponsors/pramis-solutions-llc-d0g95oryko	DA
2	VARIYAS GLOBAL SOLUTIONS INC	/h1b-sponsors/variyas-global-solutions-inc-8r0vr1d9k1	DA
2	INDUS VALLEY CONSULTANTS INC	/h1b-sponsors/indus-valley-consultants-inc-dvk44zppkw	DA
2	GLOBALSYNC LLC	/h1b-sponsors/globalsync-llc-g27r75ng05	DA
2	NINJATRADER GROUP LLC	/h1b-sponsors/ninjatrader-group-llc-l0yv9woq0x	DA
2	UNIVERSITY OF COLORADO DENVER	/h1b-sponsors/university-of-colorado-denver-5g2rxyy92l	DA
2	SANCTITYINTERNATIONAL LLC	/h1b-sponsors/sanctityinternational-llc-vx23jy1gkg	DA
2	MERITIZE FINANCIAL INC	/h1b-sponsors/meritize-financial-inc-vx23lv7x2g	DA
2	TECHMINDS GROUP LLC	/h1b-sponsors/techminds-group-llc-4l0ynex62x	DA
2	ARCH CAPITAL SERVICES LLC	/h1b-sponsors/arch-capital-services-llc-w2xpzwd6k3	DA
2	SAGEFOX CONSULTING GROUP LLC	/h1b-sponsors/sagefox-consulting-group-llc-60d1wdrw08	DA
2	SMART CHOICE PROPERTIES LLC	/h1b-sponsors/smart-choice-properties-llc-10j7351g0v	DA
2	INTEGRATED TECHNOLOGY STRATEGIES INC	/h1b-sponsors/integrated-technology-strategies-inc-60d9p3lpk8	DA
2	UTAH TECH UNIVERSITY	/h1b-sponsors/utah-tech-university-9k5nvr9dk1	DA
2	EUROFINS LANCASTER LABORATORIES PROFESSIONAL SCIENTIFIC SERVICES LLC	/h1b-sponsors/eurofins-lancaster-laboratories-professional-scientific-services-llc-nokpow9y24	DA
2	LENDINGPOINT LLC	/h1b-sponsors/lendingpoint-llc-l9k55onrk1	DA
2	BOLT FINANCIAL INC	/h1b-sponsors/bolt-financial-inc-vx235jzn0g	DA
2	NUWAY SOLUTIONS LLC	/h1b-sponsors/nuway-solutions-llc-okprr4j124	DA
2	SAVVY INFO SYSTEMS INC	/h1b-sponsors/savvy-info-systems-inc-370omrvn2z	DA
2	SMARTTRAK LLC	/h1b-sponsors/smarttrak-llc-70ojzr8q2z	DA
2	MPHASIS CORPORATION	/h1b-sponsors/mphasis-corporation-150n613p2g	DA
2	FLEXION INC	/h1b-sponsors/flexion-inc-g101r7ppk7	DA
2	CLOUD BIG DATA TECHNOLOGIES LLC	/h1b-sponsors/cloud-big-data-technologies-llc-x30qyxv8kq	DA
2	MONGODB INC	/h1b-sponsors/mongodb-inc-150n8l8g0g	DA
2	VIRGINIA POLYTECHNIC INSTITUTE & STATE UNIVERSITY	/h1b-sponsors/virginia-polytechnic-institute-and-state-university-d1k995rvkm	DA
2	INFOSPAN GLOBAL LLC	/h1b-sponsors/infospan-global-llc-1k9n57yw2m	DA
2	IMR SOFT LLC	/h1b-sponsors/imr-soft-llc-vx23xzpg2g	DA
2	ENDURANCE SERVICES LIMITED	/h1b-sponsors/endurance-services-limited-d1k9lvvxkm	DA
2	VADILAL INDUSTRIESUSA INC	/h1b-sponsors/vadilal-industriesusa-inc-p1kzgr742m	DA
2	EQUINOX HOLDINGS INC	/h1b-sponsors/equinox-holdings-inc-n60enoel0z	DA
2	MINNESOTA VALVE & FITTING CO INC	/h1b-sponsors/minnesota-valve-and-fitting-co-inc-1k9n46x82m	DA
2	TECHLANCE IT INC	/h1b-sponsors/techlance-it-inc-r0v64jw9k1	DA
2	SYMPLORE INC	/h1b-sponsors/symplore-inc-50nr1r1g2g	DA
2	ZACKS INVESTMENT MANAGEMENT INC	/h1b-sponsors/zacks-investment-management-inc-150nyxr9kg	DA
2	BAPTIST HEALTH GROUP	/h1b-sponsors/baptist-health-group-v82w5wrx21	DA
2	X1 INC	/h1b-sponsors/x1-inc-10j719x10v	DA
2	HUGHES NETWORK SYSTEMS LLC	/h1b-sponsors/hughes-network-systems-llc-vx234gvgkg	DA
2	ASTA CRS INC	/h1b-sponsors/asta-crs-inc-l9k5dwly21	DA
2	LYFT INC	/h1b-sponsors/lyft-inc-82wr1njlk1	DA
2	HEALTH INTELLIGENCE COMPANY LLC	/h1b-sponsors/health-intelligence-company-llc-5g2ro5we2l	DA
2	ATOS SYNTEL INC	/h1b-sponsors/atos-syntel-inc-70ojjd7v2z	DA
2	AMALGAM INC	/h1b-sponsors/amalgam-inc-60d996mwk8	DA
2	MSCI INC	/h1b-sponsors/msci-inc-p1kzlg5y0m	DA
2	LILLI TECHNOLOGY LLC	/h1b-sponsors/lilli-technology-llc-rd0g5jvv2o	DA
2	ACEE INTERNATIONAL EDUCATION INC	/h1b-sponsors/acee-international-education-inc-pg27vvd725	DA
2	BANA INC	/h1b-sponsors/bana-inc-101zvgq827	DA
2	ACADIA TECHNOLOGIES INC	/h1b-sponsors/acadia-technologies-inc-510jrjqekv	DA
2	INTEL CORPORATION	/h1b-sponsors/intel-corporation-ew2xqymn03	DA
2	IT KEYSOURCE INC	/h1b-sponsors/it-keysource-inc-101zz97827	DA
2	LABATON SUCHAROW LLP	/h1b-sponsors/labaton-sucharow-llp-pg27dqwg25	DA
2	CENTIFIC TECHNOLOGIES INC	/h1b-sponsors/centific-technologies-inc-w2xpm8d6k3	DA
2	SOFTRAMS LLC	/h1b-sponsors/softrams-llc-ew2xglw6k3	DA
2	AMS IT SOLUTIONS LLC	/h1b-sponsors/ams-it-solutions-llc-g2r6nz1e2l	DA
2	TAVANT TECHNOLOGIES INC	/h1b-sponsors/tavant-technologies-inc-nokpepdn04	DA
2	DATALYSYS LLC	/h1b-sponsors/datalysys-llc-vk4835wg0w	DA
2	MAVEN COMPANIES INC	/h1b-sponsors/maven-companies-inc-4l0y4o810x	DA
2	COLUMBIA UNIVERSITY	/h1b-sponsors/columbia-university-n60elvm2z5	DA
2	CONCORD SYSTEMS USA INC	/h1b-sponsors/concord-systems-usa-inc-50nr1w792g	DA
2	NEPHOS TECHNOLOGIES	/h1b-sponsors/nephos-technologies-x237zm6vkg	DA
2	BLOCK INC	/h1b-sponsors/block-inc-m2m6rj1501	DA
2	GENERAL NEW TECHNOLOGY INTERNATIONAL INC	/h1b-sponsors/general-new-technology-international-inc-8r0vzm6921	DA
2	ADVENT GLOBAL SOLUTIONS INC	/h1b-sponsors/advent-global-solutions-inc-op0l453j2l	DA
2	VEDAINFO INC	/h1b-sponsors/vedainfo-inc-w2xpnjeyk3	DA
2	THOUGHTWAVE SOFTWARE & SOLUTIONS INC	/h1b-sponsors/thoughtwave-software-and-solutions-inc-5g2r4j9ekl	DA
2	CAPITAL IT SOLUTIONS INC	/h1b-sponsors/capital-it-solutions-inc-82wrw1olk1	DA
2	CAMBRIDGE SYSTEMATICS INC	/h1b-sponsors/cambridge-systematics-inc-d1k9rljxkm	DA
2	V2C SOLUTIONS LLC	/h1b-sponsors/v2c-solutions-llc-101zj3vz27	DA
2	UNIVERSAL AUDIO INC	/h1b-sponsors/universal-audio-inc-op0lnzgmkl	DA
2	TECH DYNAMIX IT SERVICES LLC	/h1b-sponsors/tech-dynamix-it-services-llc-x2378opxkg	DA
2	HEARST AUTOS INC	/h1b-sponsors/hearst-autos-inc-okprgql924	DA
2	CHERRE INC	/h1b-sponsors/cherre-inc-4l0yjjjv0x	DA
2	DISCOVER PRODUCTS INC	/h1b-sponsors/discover-products-inc-g101eez627	DA
2	C2S TECHNOLOGIES INC	/h1b-sponsors/c2s-technologies-inc-rd0gmdqq0o	DA
2	UNIVERSITY OF ILLINOIS	/h1b-sponsors/university-of-illinois-em2m3x3501	DA
2	COD CORES INC	/h1b-sponsors/cod-cores-inc-60eqxqzl0z	DA
2	IPSOS MMA INC	/h1b-sponsors/ipsos-mma-inc-rd0gq3x52o	DA
2	UNCOMMONGOODS LLC	/h1b-sponsors/uncommongoods-llc-1ok8z163kd	DA
2	PIONEER CONSULTING SERVICES INC	/h1b-sponsors/pioneer-consulting-services-inc-x237x4yvkg	DA
2	SV IT INC	/h1b-sponsors/sv-it-inc-6g06zjlykq	DA
2	SOLUTIONSOFT INC	/h1b-sponsors/solutionsoft-inc-101z9dyo27	DA
2	FINANCEBOX INC	/h1b-sponsors/financebox-inc-g2r6yod82l	DA
2	SYNOPSYS INC	/h1b-sponsors/synopsys-inc-vk48316y0w	DA
2	BRANDSCAPES WORLDWIDE CONSULTANCY LLC	/h1b-sponsors/brandscapes-worldwide-consultancy-llc-560dqv7w28	DA
2	THINQSPOT INC	/h1b-sponsors/thinqspot-inc-g06688e30q	DA
2	ADVANTIS GLOBAL INC	/h1b-sponsors/advantis-global-inc-op0lge5l2l	DA
2	AMERICAN ACADEMY OF OPHTHALMOLOGY	/h1b-sponsors/american-academy-of-ophthalmology-p0l48jqj2l	DA
2	AMERICAN IT RESOURCE GROUP INC	/h1b-sponsors/american-it-resource-group-inc-g06613xq0q	DA
2	SVCUBE LLC	/h1b-sponsors/svcube-llc-ok85wy63kd	DA
2	WILIOT INC	/h1b-sponsors/wiliot-inc-m2m6ev1d01	DA
2	ZETA GLOBAL CORP	/h1b-sponsors/zeta-global-corp-vx236lmv2g	DA
2	CLIMATE LLC	/h1b-sponsors/climate-llc-1k9n831x2m	DA
2	INDIANA UNIVERSITY	/h1b-sponsors/indiana-university-4l0yyj1q0x	DA
2	BEACON HILL STAFFING GROUP LLC	/h1b-sponsors/beacon-hill-staffing-group-llc-d0g9nwj7ko	DA
2	NEW YORK PRESBYTERIAN HOSPITAL	/h1b-sponsors/new-york-presbyterian-hospital-n60ey7emkz	DA
2	TRIBOLATECH INC	/h1b-sponsors/tribolatech-inc-370o1yzy2z	DA
2	BRIDGE FINANCIAL TECHNOLOGY INC	/h1b-sponsors/bridge-financial-technology-inc-d0g41moy0o	DA
2	BYTEDANCE INC	/h1b-sponsors/bytedance-inc-m2m6jrj401	DA
2	SURYA SYSTEMS INC	/h1b-sponsors/surya-systems-inc-d1k9nypw2m	DA
2	FIRST REPUBLIC BANK	/h1b-sponsors/first-republic-bank-nokppmjyk4	DA
2	MITCHELLMARTIN INC	/h1b-sponsors/mitchellmartin-inc-w2xp46x6k3	DA
2	PALMT SYSTEMS INC	/h1b-sponsors/palmt-systems-inc-1k9n9v6w2m	DA
2	CRITICAL PATH INSTITUTE	/h1b-sponsors/critical-path-institute-4l0y1750xe	DA
2	JAGO LINK INC	/h1b-sponsors/jago-link-inc-m2m6jywj01	DA
2	VITS CONSULTING CORP	/h1b-sponsors/vits-consulting-corp-v82wlqpdk1	DA
2	RISKSPAN INC	/h1b-sponsors/riskspan-inc-em2mvxr721	DA
2	PIKICODE CORP	/h1b-sponsors/pikicode-corp-m2m6dlp901	DA
2	RANDSTAD GENERAL PARTNER US LLC	/h1b-sponsors/randstad-general-partner-us-llc-rd0g3q4wko	DA
2	APW OPCO LLC	/h1b-sponsors/apw-opco-llc-l0yv91op0x	DA
2	SAFE CODE SOFT TECHNOLOGIES INC	/h1b-sponsors/safe-code-soft-technologies-inc-60eq6jdm0z	DA
2	ALGOBRAINZ LLC	/h1b-sponsors/algobrainz-llc-x2378163kg	DA
2	INDUSTRIAL AND COMMERCIAL BANK OF CHINA LTD NY BRANCH	/h1b-sponsors/industrial-and-commercial-bank-of-china-ltd-ny-branch-p0l481w42l	DA
2	CALYPSO SOFT INC	/h1b-sponsors/calypso-soft-inc-p1kzde442m	DA
2	CREOSPAN INC	/h1b-sponsors/creospan-inc-4l0yn5n52x	DA
2	TATVA TEK INC	/h1b-sponsors/tatva-tek-inc-60eqwvqn0z	DA
2	ATLANTIS IT CONSULTING GROUP LLC	/h1b-sponsors/atlantis-it-consulting-group-llc-pg2745vg25	DA
2	INFOSOL SOLUTIONS LLC	/h1b-sponsors/infosol-solutions-llc-101zj3w627	DA
2	SRI TECH SOLUTIONS INC	/h1b-sponsors/sri-tech-solutions-inc-vx23n4vg0g	DA
2	SIBI LLC	/h1b-sponsors/sibi-llc-1ok8zmmrkd	DA
2	RICHMOND REGIONAL PLANNING DISTRICT COMMISSION	/h1b-sponsors/richmond-regional-planning-district-commission-r0v6wywqk1	DA
2	THE RESEARCH INSTITUTE AT NATIONWIDE CHILDRENS HOSPITAL	/h1b-sponsors/the-research-institute-at-nationwide-childrens-hospital-5g2r6w662l	DA
2	SAPPHIRE SOFTWARE SOLUTIONS INC	/h1b-sponsors/sapphire-software-solutions-inc-560drqvek8	DA
2	TWO SIGMA SOLUTIONS LLC	/h1b-sponsors/two-sigma-solutions-llc-v82wd38j01	DA
2	THE METHODIST HOSPITAL RESEARCH INSTITUTE	/h1b-sponsors/the-methodist-hospital-research-institute-6g06y9lp2q	DA
2	GLOBAL MUSIC RIGHTS LLC	/h1b-sponsors/global-music-rights-llc-g27rp67p05	DA
2	EIT SERVICES LLC	/h1b-sponsors/eit-services-llc-560dejzd28	DA
2	NANTEZ INC	/h1b-sponsors/nantez-inc-w2xp4zg6k3	DA
2	HEALTHCARE SYSTEMS GROUP LLC	/h1b-sponsors/healthcare-systems-group-llc-vk489dep0w	DA
2	AMERICAN MARKETING & PUBLISHING LLC	/h1b-sponsors/american-marketing-and-publishing-llc-101ze9g827	DA
2	CITCON USA LLC	/h1b-sponsors/citcon-usa-llc-op0l6mwj0l	DA
2	CES ENTERPRISE LLC	/h1b-sponsors/ces-enterprise-llc-g1011vjz07	DA
2	HASHKEY GLOBAL INCORPORATED	/h1b-sponsors/hashkey-global-incorporated-g2r6y5p82l	DA
2	STANSOURCE INC	/h1b-sponsors/stansource-inc-p1kz1v5j2m	DA
2	ROCHEU LLC	/h1b-sponsors/rocheu-llc-r0v6jdx3k1	DA
1	ANVIM TECH INC	/h1b-sponsors/anvim-tech-inc-okprnpp124	DA
1	REALPAGE INC	/h1b-sponsors/realpage-inc-p1kz9gnq0m	DA
1	IOPEX TECHNOLOGIES INC	/h1b-sponsors/iopex-technologies-inc-370om3rx2z	DA
1	BARCLAYS SERVICES CORP	/h1b-sponsors/barclays-services-corp-370onrpnkz	DA
1	TEKSYSTEMS GLOBAL SERVICES LLC	/h1b-sponsors/teksystems-global-services-llc-l9k5zq89k1	DA
1	SIMPLER TRADING LLC	/h1b-sponsors/simpler-trading-llc-d0g9edpqko	DA
1	IVISTASOFT LLC	/h1b-sponsors/ivistasoft-llc-x237817vkg	DA
1	ZOOMBEE LLC	/h1b-sponsors/zoombee-llc-1k9n4qvv2m	DA
1	SOLARWATERWAY INC	/h1b-sponsors/solarwaterway-inc-d0g9l67vko	DA
1	CARE SYSTEMS INC	/h1b-sponsors/care-systems-inc-dvk4e13g0w	DA
1	MARKET SCAN INFORMATION SYSTEMS INC	/h1b-sponsors/market-scan-information-systems-inc-p1kz1oj2m5	DA
1	DATUM CONSULTING GROUP LLC	/h1b-sponsors/datum-consulting-group-llc-70oj5jyn2z	DA
1	DVG TECH SOLUTIONS LLC	/h1b-sponsors/dvg-tech-solutions-llc-n60edew9kz	DA
1	ATLAS CRAY LLC	/h1b-sponsors/atlas-cray-llc-r0v6jwv9k1	DA
1	ALIGNMENT HEALTHCARE INC	/h1b-sponsors/alignment-healthcare-inc-60d9rjvwk8	DA
1	FREEDOM FINANCIAL ASSET MANAGEMENT LLC	/h1b-sponsors/freedom-financial-asset-management-llc-w2xpzpzrk3	DA
1	PROFOOT INC	/h1b-sponsors/profoot-inc-1k9n5mqw2m	DA
1	SYNDIO SOLUTIONS INC	/h1b-sponsors/syndio-solutions-inc-d0g9ogzyko	DA
1	SIMPLEPRACTICE LLC	/h1b-sponsors/simplepractice-llc-em2m971d01	DA
1	ZONBERATION GROUP UNITED STATES INC	/h1b-sponsors/zonberation-group-united-states-inc-vx239vev2g	DA
1	TWO SIGMA INVESTMENTS LP	/h1b-sponsors/two-sigma-investments-lp-op0ll1wx0l	DA
1	VIKING RIVER CRUISES INC	/h1b-sponsors/viking-river-cruises-inc-pg271l9y25	DA
1	MASTERPIECE ADVISORS LLC	/h1b-sponsors/masterpiece-advisors-llc-g0665ypm0q	DA
1	THE UNIVERSITY OF CHICAGO	/h1b-sponsors/the-university-of-chicago-6g06gr4m2q	DA
1	EFFECTIVE SPEND MEDIA LLC	/h1b-sponsors/effective-spend-media-llc-g2r6yjo92l	DA
1	SUV SOLUTIONS INC	/h1b-sponsors/suv-solutions-inc-60d9r4oek8	DA
1	DIRECTAVENUE INC	/h1b-sponsors/directavenue-inc-370omr8q2z	DA
1	CITADEL AMERICAS SERVICES LLC	/h1b-sponsors/citadel-americas-services-llc-ok859pvwkd	DA
1	CLOUDSPACE LLC	/h1b-sponsors/cloudspace-llc-g2r6ll1o2l	DA
1	A&C TECHNOLOGY INC	/h1b-sponsors/a-and-c-technology-inc-okprn4dq24	DA
1	PVR TECHNOLOGIES INC	/h1b-sponsors/pvr-technologies-inc-8r0vl9oqk1	DA
1	DAIMLER TRUCKS NORTH AMERICA LLC	/h1b-sponsors/daimler-trucks-north-america-llc-560d61mek8	DA
1	HARBOR HAT INC	/h1b-sponsors/harbor-hat-inc-d0g93vdyko	DA
1	INTUITES LLC	/h1b-sponsors/intuites-llc-rd0gp7qv0o	DA
1	AMERICAN TECH VISION SOLUTIONS LLC	/h1b-sponsors/american-tech-vision-solutions-llc-rd0gxwdqko	DA
1	MB IT ASSOCIATES LLC	/h1b-sponsors/mb-it-associates-llc-l9k5v4wr21	DA
1	ARV SYSTEMS INC	/h1b-sponsors/arv-systems-inc-5g2r89590l	DA
1	THE FARMERS DOG INC	/h1b-sponsors/the-farmers-dog-inc-pg27xlyp05	DA
1	AETERNUS SOLUTIONS INC	/h1b-sponsors/aeternus-solutions-inc-em2md65j21	DA
1	WTANOW LLC	/h1b-sponsors/wtanow-llc-1kznw444km	DA
1	EAGLE FLEXIBLE PACKAGING INC	/h1b-sponsors/eagle-flexible-packaging-inc-pg27mepy25	DA
1	PROGENYHEALTH LLC	/h1b-sponsors/progenyhealth-llc-g066l7dy0q	DA
1	APPLIED MEDICAL DISTRIBUTION CORPORATION	/h1b-sponsors/applied-medical-distribution-corporation-6g06g4w12q	DA
1	H2 HOSPITAL ASSOCIATES LLC	/h1b-sponsors/h2-hospital-associates-llc-60d9rqe6k8	DA
1	SK HYNIX NAND PRODUCT SOLUTIONS CORP	/h1b-sponsors/sk-hynix-nand-product-solutions-corp-x237zp73kg	DA
1	FOCUSKPI INC	/h1b-sponsors/focuskpi-inc-vx23wy7g0g	DA
1	THE MARTIN BROWER COMPANY LLC	/h1b-sponsors/the-martin-brower-company-llc-pg274z7y25	DA
1	SRIVEN INFO INC	/h1b-sponsors/sriven-info-inc-g2r6meo62l	DA
1	LIBERTY MUTUAL TECHNOLOGY GROUP INC	/h1b-sponsors/liberty-mutual-technology-group-inc-vx23znqv0g	DA
1	URBANE SYSTEMS LLC	/h1b-sponsors/urbane-systems-llc-150nv16ekg	DA
1	SIPTEK GROUP INC	/h1b-sponsors/siptek-group-inc-g0667jq10q	DA
1	CINTAL INC	/h1b-sponsors/cintal-inc-1k9nzozq2m	DA
1	THEORY LLC	/h1b-sponsors/theory-llc-d1k9nrpw2m	DA
1	JOHNSON CONTROLS INC	/h1b-sponsors/johnson-controls-inc-nokpw6jz04	DA
1	EXCELSOFT INC	/h1b-sponsors/excelsoft-inc-p0l4z9l42l	DA
1	SOLSTICE CONSULTING LLC	/h1b-sponsors/solstice-consulting-llc-n60ej6vlkz	DA
1	APTIV CORPORATION	/h1b-sponsors/aptiv-corporation-1k9nxnmw2m	DA
1	COMPUTER POWER GROUP INC	/h1b-sponsors/computer-power-group-inc-vx23xq4n2g	DA
1	PAGEBITES INC	/h1b-sponsors/pagebites-inc-n60e64yl2z	DA
1	AMISEQ INC	/h1b-sponsors/amiseq-inc-pg27egypk5	DA
1	XCEL LIFE SCIENCES LLC	/h1b-sponsors/xcel-life-sciences-llc-g0669qvy0q	DA
1	DTS INC	/h1b-sponsors/dts-inc-op0lx14x0l	DA
1	LEVERAGE TECHNOLOGIES INC	/h1b-sponsors/leverage-technologies-inc-510jz6pp2v	DA
1	BITSIGHT TECHNOLOGIES INC	/h1b-sponsors/bitsight-technologies-inc-ew2xxpjn23	DA
1	OKLAHOMA STATE UNIVERSITY	/h1b-sponsors/oklahoma-state-university-op0loyv40l	DA
1	SURGICAL NOTES MDP LP	/h1b-sponsors/surgical-notes-mdp-lp-1k9n5ljv2m	DA
1	RESOURCE INFORMATICS GROUP INC	/h1b-sponsors/resource-informatics-group-inc-1ok898or0d	DA
1	PEABERRY SOFTWARE INC	/h1b-sponsors/peaberry-software-inc-150nx9e12g	DA
1	ADOBE INC	/h1b-sponsors/adobe-inc-okprzlrn24	DA
1	ENTEGRIS INC	/h1b-sponsors/entegris-inc-370owo5vkz	DA
1	C&A IMPORTS INC	/h1b-sponsors/c-and-a-imports-inc-vx234d8gkg	DA
1	MUNICH REINSURANCE AMERICA INC	/h1b-sponsors/munich-reinsurance-america-inc-370ojymv2z	DA
1	CSCGH SHARED SERVICES LLC	/h1b-sponsors/cscgh-shared-services-llc-ok85vd65kd	DA
1	UNIVERSITY OF NEVADA RENO	/h1b-sponsors/university-of-nevada-reno-vx23p8exkg	DA
1	ONELINK SOLUTION INC	/h1b-sponsors/onelink-solution-inc-70ojqrwq2z	DA
1	CERAGEM INTERNATIONAL INC	/h1b-sponsors/ceragem-international-inc-9k5nz9o8k1	DA
1	FORTUNET TECHNOLOGIES INC	/h1b-sponsors/fortunet-technologies-inc-9k5nvno8k1	DA
1	IPG DXTRA INC	/h1b-sponsors/ipg-dxtra-inc-p0l48lez2l	DA
1	KEY BUSINESS SOLUTIONS INC	/h1b-sponsors/key-business-solutions-inc-60eqxnr90z	DA
1	11T SERVICES ADMINISTRATION LLC	/h1b-sponsors/11t-services-administration-llc-r0v6jm1jk1	DA
1	USHIREPRO LLC	/h1b-sponsors/ushirepro-llc-vk4846gn0w	DA
1	AVS SOLUTIONSINC	/h1b-sponsors/avs-solutionsinc-g066mqdq0q	DA
1	CARDLYTICS INC	/h1b-sponsors/cardlytics-inc-5g2r6z4e2l	DA
1	MOUNT SINAI HOSPITAL	/h1b-sponsors/mount-sinai-hospital-x237yvpnkg	DA
1	CONNECTCHAIN INC	/h1b-sponsors/connectchain-inc-l0yvd9qq0x	DA
1	ATI INC	/h1b-sponsors/ati-inc-1ok8r73z0d	DA
1	AGREEYA SOLUTIONS INC	/h1b-sponsors/agreeya-solutions-inc-vx23w1rx0g	DA
1	AMERICAN EXPRESS COMPANY	/h1b-sponsors/american-express-company-p1kz5lxykm	DA
1	KAIROS TECHNOLOGIES INC	/h1b-sponsors/kairos-technologies-inc-nokp8rwz04	DA
1	RADIANT DIGITAL SOLUTIONS INC	/h1b-sponsors/radiant-digital-solutions-inc-dvk4zzeg0w	DA
1	WM RICE UNIVERSITY	/h1b-sponsors/wm-rice-university-370o3qxy0z	DA
1	CORTEVA AGRISCIENCE LLC	/h1b-sponsors/corteva-agriscience-llc-ok85v8rrkd	DA
1	ELEQUANT TECHNOLOGY INC	/h1b-sponsors/elequant-technology-inc-1k9no4882m	DA
1	ORION SYSTEMS INTEGRATORS LLC	/h1b-sponsors/orion-systems-integrators-llc-150nw5x90g	DA
1	COLSH CONSULTANTS LLC	/h1b-sponsors/colsh-consultants-llc-l9k5ov1601	DA
1	SSGC TECHNOLOGIES LLC	/h1b-sponsors/ssgc-technologies-llc-1kznngo9km	DA
1	IXL LEARNING INC	/h1b-sponsors/ixl-learning-inc-560ddlyw08	DA
1	KLICK OASIS SYSTEMS INC	/h1b-sponsors/klick-oasis-systems-inc-x30q4plrkq	DA
1	KURTZMAN CARSON CONSULTANTS LLC	/h1b-sponsors/kurtzman-carson-consultants-llc-82wreoelk1	DA
1	EXCEL IMPACT LLC	/h1b-sponsors/excel-impact-llc-okprgpzn24	DA
1	MARS TECH SOLUTIONS LLC	/h1b-sponsors/mars-tech-solutions-llc-rd0gg9lq0o	DA
1	SHOOLIN INC	/h1b-sponsors/shoolin-inc-x30qq3qr0q	DA
1	TREATMENT CENTERS HOLDCO LLC	/h1b-sponsors/treatment-centers-holdco-llc-30q46vwrkq	DA
1	LEDGER RUN INC	/h1b-sponsors/ledger-run-inc-g0669r9y0q	DA
1	HEC SOFTWARE INC	/h1b-sponsors/hec-software-inc-x30q64912q	DA
1	MOORE INFOTECH INC	/h1b-sponsors/moore-infotech-inc-370oq7jqkz	DA
1	WE WORK MANAGEMENT LLC	/h1b-sponsors/we-work-management-llc-em2m7jmd21	DA
1	H TOWN TECHNOLOGIES INC	/h1b-sponsors/h-town-technologies-inc-op0lyn3x2l	DA
1	COMMUNICATIONS TEST DESIGN INC	/h1b-sponsors/communications-test-design-inc-d1k9mmzr0m	DA
1	INDIGO AG INC	/h1b-sponsors/indigo-ag-inc-v82wjw3d01	DA
1	KYRO4 SOLUTIONS INC	/h1b-sponsors/kyro4-solutions-inc-150n1en1kg	DA
1	SALESPOINT INC	/h1b-sponsors/salespoint-inc-op0lp96j2l	DA
1	STATE STREET BANK AND TRUST COMPANY	/h1b-sponsors/state-street-bank-and-trust-company-ew2xn35r03	DA
1	NIFTEK INC	/h1b-sponsors/niftek-inc-70oje3jx2z	DA
1	GOLDEN FUTURE INC	/h1b-sponsors/golden-future-inc-1k9n5qxq2m	DA
1	ROGERS FREELS & ASSOCIATES INC	/h1b-sponsors/rogers-freels-and-associates-inc-dvk4ny5p0w	DA
1	QCENTRIO TECHNOLOGIES LLC	/h1b-sponsors/qcentrio-technologies-llc-1k9n5enw2m	DA
1	VTRIX TECHNOLOGIES INC	/h1b-sponsors/vtrix-technologies-inc-1kznynn9km	DA
1	CHRISTIANA CARE HEALTH SERVICES INC	/h1b-sponsors/christiana-care-health-services-inc-ew2x17ynk3	DA
1	VESTA CORPORATION	/h1b-sponsors/vesta-corporation-10j7d4mp0v	DA
1	WEILL CORNELL MEDICAL COLLEGE	/h1b-sponsors/weill-cornell-medical-college-70oj5o9v2z	DA
1	FINANCIAL RECOVERY GROUP INC	/h1b-sponsors/financial-recovery-group-inc-ew2xlmz623	DA
1	THE HOUSING AUTHORITY OF THE CITY OF GREENSBORO	/h1b-sponsors/the-housing-authority-of-the-city-of-greensboro-1k9n5z9r2m	DA
1	GALAXY I TECHNOLOGIES INC	/h1b-sponsors/galaxy-i-technologies-inc-510j6xllkv	DA
1	DATADIGIT IT CONSULTING SERVICES LLC	/h1b-sponsors/datadigit-it-consulting-services-llc-m2m6py3901	DA
1	WARGAMING USA INC	/h1b-sponsors/wargaming-usa-inc-6g06q3pykq	DA
1	TRIBIS INC	/h1b-sponsors/tribis-inc-510jx7x1kv	DA
1	CODE ACUITY INC	/h1b-sponsors/code-acuity-inc-em2m58d4k1	DA
1	THINKNORTH LLC	/h1b-sponsors/thinknorth-llc-1kzn4op9km	DA
1	JUMP OPERATIONS LLC	/h1b-sponsors/jump-operations-llc-510jd6jl0v	DA
1	YITA LLC	/h1b-sponsors/yita-llc-ew2xxydm23	DA
1	REMEDY ANALYTICS INC	/h1b-sponsors/remedy-analytics-inc-1ok87d6r2d	DA
1	AMAZEE GLOBAL VENTURES INC	/h1b-sponsors/amazee-global-ventures-inc-150n39792g	DA
1	MITAJA CORPORATION	/h1b-sponsors/mitaja-corporation-nokp5rvy04	DA
1	IT RYSOURCES INC	/h1b-sponsors/it-rysources-inc-l9k5n3zyk1	DA
1	VINCE LLC	/h1b-sponsors/vince-llc-560dm59x08	DA
1	ARKSTEK INC	/h1b-sponsors/arkstek-inc-p0l44g342l	DA
1	IM PRO MAKEUP NY LP	/h1b-sponsors/im-pro-makeup-ny-lp-370oo48x0z	DA
1	INFINICS INC	/h1b-sponsors/infinics-inc-101z9mmo27	DA
1	EBSCO PUBLISHING	/h1b-sponsors/ebsco-publishing-d1k9d9eq0m	DA
1	MODULAR SOFTWARE CONSULTING LLC	/h1b-sponsors/modular-software-consulting-llc-v82wedwx21	DA
1	BUILDERBINDER LLC	/h1b-sponsors/builderbinder-llc-g06npv3pkq	DA
1	RYDER SYSTEM INC	/h1b-sponsors/ryder-system-inc-1kzn76wqkm	DA
1	DATALORE TECHNOLOGIES INC	/h1b-sponsors/datalore-technologies-inc-op0lgq9m2l	DA
1	COMPASS GROUP USA INC	/h1b-sponsors/compass-group-usa-inc-ok85nq65kd	DA
1	MASTEK INC	/h1b-sponsors/mastek-inc-vx23x3632g	DA
1	LOGICERA INC	/h1b-sponsors/logicera-inc-g27rn5lq05	DA
1	HANCE INCORPORATED	/h1b-sponsors/hance-incorporated-ew2xxg5r23	DA
1	ABM AVIATION INC	/h1b-sponsors/abm-aviation-inc-r0vwe8m321	DA
1	CUMMINS INC	/h1b-sponsors/cummins-inc-370oq79nkz	DA
1	ENTAGILE LLC	/h1b-sponsors/entagile-llc-10j7p4vp0v	DA
1	VEJARS TECHNOLOGIES INC	/h1b-sponsors/vejars-technologies-inc-5g2r9qpo2l	DA
1	TRUSTEES OF BOSTON UNIVERSITY	/h1b-sponsors/trustees-of-boston-university-v82wp93401	DA
1	4 PEAKS BUSINESS SOLUTION LLC	/h1b-sponsors/4-peaks-business-solution-llc-g066r9410q	DA
1	FRANKLIN COVEY CLIENT SALES INC	/h1b-sponsors/franklin-covey-client-sales-inc-op0lzpqjkl	DA
1	IMPERIAL BAG & PAPER CO LLC	/h1b-sponsors/imperial-bag-and-paper-co-llc-v82wworl21	DA
1	CORPORATE BROKERS LLC DBA TENTIAL	/h1b-sponsors/corporate-brokers-llc-dba-tential-n60e4gmrkz	DA
1	DOTCOM TEAM LLC	/h1b-sponsors/dotcom-team-llc-8r0vprjv01	DA
1	ZAYO GROUP LLC	/h1b-sponsors/zayo-group-llc-510jpl710v	DA
1	C6 CAPITAL LLC	/h1b-sponsors/c6-capital-llc-w2xpmznnk3	DA
1	HARBORONE BANK	/h1b-sponsors/harborone-bank-g27jyxqg25	DA
1	VIVID TECHNOLOGIES INC	/h1b-sponsors/vivid-technologies-inc-nokpzy8904	DA
1	GRAND CIRCLE LLC	/h1b-sponsors/grand-circle-llc-150nqe390g	DA
1	FIPSAR INC	/h1b-sponsors/fipsar-inc-560dngje28	DA
1	BILL OPERATIONS LLC	/h1b-sponsors/bill-operations-llc-60d97q5dk8	DA
1	CAPE ANALYTICS INC	/h1b-sponsors/cape-analytics-inc-nokple7y24	DA
1	MOBILITYWARE INC	/h1b-sponsors/mobilityware-inc-rd0gol8yko	DA
1	WINNING EDGE SOLUTIONS LLC	/h1b-sponsors/winning-edge-solutions-llc-pg27318705	DA
1	OKLAHOMA CITY PUBLIC SCHOOLS I 89	/h1b-sponsors/oklahoma-city-public-schools-i-89-1ok8yo3r2d	DA
1	BRILLIANT INFOTECH INC	/h1b-sponsors/brilliant-infotech-inc-v82w1lv401	DA
1	MICHIGAN PUBLIC HEALTH INSTITUTE	/h1b-sponsors/michigan-public-health-institute-p0l4n6wx2l	DA
1	KELLY SERVICES INC	/h1b-sponsors/kelly-services-inc-em2mm15921	DA
1	INTERNATIONAL MERCHANDISING COMPANY LLC	/h1b-sponsors/international-merchandising-company-llc-30q4enpnkq	DA
1	FAIRMONT PEDIATRICS & ASSOCIATES	/h1b-sponsors/fairmont-pediatrics-and-associates-r0v66movk1	DA
1	PHILIPS NORTH AMERICA LLC	/h1b-sponsors/philips-north-america-llc-510jd3e10v	DA
1	INFORMATION TECHNOLOGY AND MANAGEMENT CONSULTING INC	/h1b-sponsors/information-technology-and-management-consulting-inc-9k5nvolyk1	DA
1	ALLAKOS INC	/h1b-sponsors/allakos-inc-d0g97yqwko	DA
1	CLOUDFLARE INC	/h1b-sponsors/cloudflare-inc-1ok8ln550d	DA
1	DIRECT FEDERAL CREDIT UNION	/h1b-sponsors/direct-federal-credit-union-l0yvozdv0x	DA
1	ZOLON TECH SOLUTIONS INC	/h1b-sponsors/zolon-tech-solutions-inc-pg27v5ly25	DA
1	EZEN COMPUTER SERVICES INC	/h1b-sponsors/ezen-computer-services-inc-op0l5g54kl	DA
1	RENSSELAER POLYTECHNIC INSTITUTE	/h1b-sponsors/rensselaer-polytechnic-institute-560dlvxdk8	DA
1	A MAX INSURANCE SERVICES INC	/h1b-sponsors/a-max-insurance-services-inc-g2r6zp5e2l	DA
1	VIPSHOP NORTH AMERICA LLC	/h1b-sponsors/vipshop-north-america-llc-50nrg5jr2g	DA
1	GEN 5 FERTILITY CENTER PC	/h1b-sponsors/gen-5-fertility-center-pc-4l0yyvp50x	DA
1	MALWAREBYTES INC	/h1b-sponsors/malwarebytes-inc-dvk4wm5p0w	DA
1	KANARYS INC	/h1b-sponsors/kanarys-inc-g27r9l4705	DA
1	PYRAMID CONSULTING INC	/h1b-sponsors/pyramid-consulting-inc-6g061jy2qw	DA
1	DIGITAL INTELLIGENCE SYSTEMS LLC	/h1b-sponsors/digital-intelligence-systems-llc-rd0geed72o	DA
1	SP TECH RESOURCES INC	/h1b-sponsors/sp-tech-resources-inc-vx23pv9nkg	DA
1	INDEGENE INC	/h1b-sponsors/indegene-inc-em2mq3q4k1	DA
1	TENAZX INC	/h1b-sponsors/tenazx-inc-em2mzrg7k1	DA
1	WIT INC	/h1b-sponsors/wit-inc-rd0gyy1q0o	DA
1	ACNOVATE CORPORATION	/h1b-sponsors/acnovate-corporation-m2m66jo501	DA
1	MERIDIAM SERVICES USA LLC	/h1b-sponsors/meridiam-services-usa-llc-82wreynjk1	DA
1	YASME SOFT INC	/h1b-sponsors/yasme-soft-inc-r0v66zd9k1	DA
1	IHEARTMEDIA MANAGEMENT SERVICES INC	/h1b-sponsors/iheartmedia-management-services-inc-370or5gx0z	DA
1	GA FOOD SERVICES OF PINELLAS COUNTY LLC	/h1b-sponsors/ga-food-services-of-pinellas-county-llc-g27jyxeq25	DA
1	COMPULAN CENTER INC	/h1b-sponsors/compulan-center-inc-10j7mdv50v	DA
1	KARL STORZ ENDOSCOPY AMERICA INC	/h1b-sponsors/karl-storz-endoscopy-america-inc-ew2xoxoy23	DA
1	KO MANAGEMENT LLC	/h1b-sponsors/ko-management-llc-g2r6ymg82l	DA
1	ISN SOFTWARE CORPORATION	/h1b-sponsors/isn-software-corporation-560d8lp284	DA
1	EIA TECHNOLOGIES INC	/h1b-sponsors/eia-technologies-inc-r0v6jnoqk1	DA
1	COGNITIVE DATA INTELLIGENCE LLC	/h1b-sponsors/cognitive-data-intelligence-llc-ok85w733kd	DA
1	FEDERAL SOFT SYSTEMS INC	/h1b-sponsors/federal-soft-systems-inc-v82w394dk1	DA
1	QUADRIC IT LLC	/h1b-sponsors/quadric-it-llc-g27rwjn705	DA
1	FOHR CARD INC	/h1b-sponsors/fohr-card-inc-4l0ynejp2x	DA
1	MARVEL TECHNOLOGY SOLUTIONS INC	/h1b-sponsors/marvel-technology-solutions-inc-10j7wgyp0v	DA
1	PRIME BUSINESS TECHNOLOGIES INC	/h1b-sponsors/prime-business-technologies-inc-101zdj5827	DA
1	OPALA HEALTH INC	/h1b-sponsors/opala-health-inc-1k9n6jor2m	DA
1	UBER TECHNOLOGIES INC	/h1b-sponsors/uber-technologies-inc-510jn3812v	DA
1	KRAUS USA PLUMBING LLC	/h1b-sponsors/kraus-usa-plumbing-llc-ok859xv3kd	DA
1	HEXAWARE TECHNOLOGIES INC	/h1b-sponsors/hexaware-technologies-inc-4l0ypez60x	DA
1	ENVIRONMENTAL SYSTEMS RESEARCH INSTITUTE INC	/h1b-sponsors/environmental-systems-research-institute-inc-4l0yljxpkx	DA
1	MITEK SYSTEMS INC	/h1b-sponsors/mitek-systems-inc-4l0y3e3qkx	DA
1	TRELLANCE COOPERATIVE HOLDINGS INC	/h1b-sponsors/trellance-cooperative-holdings-inc-g2r6nm4e2l	DA
1	TURO INC	/h1b-sponsors/turo-inc-l9k5qdq6k1	DA
1	HEALTH VALUE INSTITUTE INC	/h1b-sponsors/health-value-institute-inc-g2r6nqeo2l	DA
1	HUNGRYPANDA US INC	/h1b-sponsors/hungrypanda-us-inc-d1k9zxeq2m	DA
1	KVRA TECH INC	/h1b-sponsors/kvra-tech-inc-150ndqwpkg	DA
1	EALEARN INC	/h1b-sponsors/ealearn-inc-150nwgep0g	DA
1	HARPRO TECH INC	/h1b-sponsors/harpro-tech-inc-370oq5qrkz	DA
1	NODAL EXCHANGE LLC	/h1b-sponsors/nodal-exchange-llc-4l0ygxy10x	DA
1	PIKICODE CODE CORP	/h1b-sponsors/pikicode-code-corp-1k9n567w2m	DA
1	SKYWALK GLOBAL LLC	/h1b-sponsors/skywalk-global-llc-560d577d28	DA
1	STRETTO INC	/h1b-sponsors/stretto-inc-l0yvnp5v0x	DA
1	NURO INC	/h1b-sponsors/nuro-inc-rd0g61gqko	DA
1	IT PREMIA GROUP INC	/h1b-sponsors/it-premia-group-inc-rd0gqjdv2o	DA
1	ARDRA TECH SOLUTIONS LLC	/h1b-sponsors/ardra-tech-solutions-llc-1kzng18qkm	DA
1	DATABLOOM LLC	/h1b-sponsors/databloom-llc-vx239n4g2g	DA
1	COLLABORAIT INC	/h1b-sponsors/collaborait-inc-n60eeddr0z	DA
1	PANTAR SOLUTIONS INC	/h1b-sponsors/pantar-solutions-inc-l9k59rxr01	DA
1	COMMUNITY ACADEMY OF PHILADELPHIA CHARTER SCHOOL	/h1b-sponsors/community-academy-of-philadelphia-charter-school-g27rwpyq05	DA
1	KEANE SOFT INC	/h1b-sponsors/keane-soft-inc-5g2rrvz82l	DA
1	ACTONIA INC	/h1b-sponsors/actonia-inc-1ok89mgr0d	DA
1	TOPSYS IT SOLUTIONS LLC	/h1b-sponsors/topsys-it-solutions-llc-p1kzgly72m	DA
1	SPRINGML INC	/h1b-sponsors/springml-inc-ew2x3y3r23	DA
1	DIGITAL DHARA LLC	/h1b-sponsors/digital-dhara-llc-8r0vgevj01	DA
1	FY INTERNATIONAL LLC	/h1b-sponsors/fy-international-llc-6g06zg3qkq	DA
1	SOURCE CODE TECH LLC	/h1b-sponsors/source-code-tech-llc-p0l41p942l	DA
1	ACE AMERICAN INSURANCE COMPANY	/h1b-sponsors/ace-american-insurance-company-l9k5xp7d01	DA
1	JP WEDGE TECHNOLOGY LLC	/h1b-sponsors/jp-wedge-technology-llc-1k9zx4wv2m	DA
1	CHEFUS CORPORATION	/h1b-sponsors/chefus-corporation-82wr669ok1	DA
1	REACH PARTNERS LLC	/h1b-sponsors/reach-partners-llc-60d9rvgek8	DA
1	US BANK NATIONAL ASSOCIATION	/h1b-sponsors/us-bank-national-association-pg2799zy05	DA
1	KAIRAS SYSTEMS CORPORATION	/h1b-sponsors/kairas-systems-corporation-10j7rezg0v	DA
1	BENEFITS SCIENCE LLC	/h1b-sponsors/benefits-science-llc-4l0yd3j60x	DA
1	FEDEX CORPORATE SERVICES INC	/h1b-sponsors/fedex-corporate-services-inc-d1k95d7q2m	DA
1	THE UNIVERSITY OF TEXAS MD ANDERSON CANCER CENTER	/h1b-sponsors/the-university-of-texas-md-anderson-cancer-center-d1k9gxx0mp	DA
1	ARCHENTS INC	/h1b-sponsors/archents-inc-5g2rn590ly	DA
1	VENNISON TECHNOLOGIES INC	/h1b-sponsors/vennison-technologies-inc-ew2xg44rk3	DA
1	EDUCATIONAL SOLUTIONS COMPANY	/h1b-sponsors/educational-solutions-company-n60e7lv9kz	DA
1	OAKWOOD UNIVERSITY	/h1b-sponsors/oakwood-university-g101q4no27	DA
1	SERVICENOW INC	/h1b-sponsors/servicenow-inc-op0lerjkl6	DA
1	BIOCEPT INC	/h1b-sponsors/biocept-inc-x23787yqkg	DA
1	GSL TECH INC	/h1b-sponsors/gsl-tech-inc-vk48n6qp0w	DA
1	GROUPON INC	/h1b-sponsors/groupon-inc-n60eml99kz	DA
1	BRIGHTSIDE BENEFIT INC	/h1b-sponsors/brightside-benefit-inc-pg2711zy25	DA
1	EXEMPLIS LLC	/h1b-sponsors/exemplis-llc-op0lown40l	DA
1	RADCOM SOFTWARE SERVICES LLC	/h1b-sponsors/radcom-software-services-llc-150nq5n10g	DA
1	IB SYSTEMS INC	/h1b-sponsors/ib-systems-inc-em2m18d421	DA
1	CALIFORNIA CAPITAL INSURANCE COMPANY	/h1b-sponsors/california-capital-insurance-company-l9k5nn9yk1	DA
1	RECIDIVIZ INC	/h1b-sponsors/recidiviz-inc-70ojvljx2z	DA
1	NT LOGISTICS INC	/h1b-sponsors/nt-logistics-inc-dvk4478gkw	DA
1	DPR CONSTRUCTION A GENERAL PARTNERSHIP	/h1b-sponsors/dpr-construction-a-general-partnership-60eq9m310z	DA
1	COLLABERA LLC	/h1b-sponsors/collabera-llc-m2m69qw401	DA
1	DATAFORMIX TECHNOLOGIESINC	/h1b-sponsors/dataformix-technologiesinc-x2373wqgkg	DA
1	HIGHNOTE PLATFORM INC	/h1b-sponsors/highnote-platform-inc-82wrvm6xk1	DA
1	S2INTEGRATORS LLC	/h1b-sponsors/s2integrators-llc-d0g9opjqko	DA
1	TANISHA SYSTEMS INC	/h1b-sponsors/tanisha-systems-inc-6g0683m1kq	DA
1	LIBREUM INTERNATIONAL LLC	/h1b-sponsors/libreum-international-llc-x30qe9v80q	DA
1	MI9 INC	/h1b-sponsors/mi9-inc-8r0v7ov01v	DA
1	ASTEC INDUSTRIES INC	/h1b-sponsors/astec-industries-inc-1kzny6w4km	DA
1	EZ4 TECHNOLOGIES LLC	/h1b-sponsors/ez4-technologies-llc-w2xprr9yk3	DA
1	FUGE TECHNOLOGIES INC	/h1b-sponsors/fuge-technologies-inc-82wrjpplk1	DA
1	SILICON LABORATORIES INC	/h1b-sponsors/silicon-laboratories-inc-rd0gyv170o	DA
1	FURNITURE.COM AMERICA LLC	/h1b-sponsors/furniture-dot-com-america-llc-d0g9je5qko	DA
1	GRASSHOPPER BANK NATIONAL ASSOCIATION	/h1b-sponsors/grasshopper-bank-national-association-1kzn41v9km	DA
1	CARILOOP INC	/h1b-sponsors/cariloop-inc-9k5nved8k1	DA
1	NIKE USA INC	/h1b-sponsors/nike-usa-inc-dvk48o8n0w	DA
1	PSI SERVICES LLC	/h1b-sponsors/psi-services-llc-vx235j730g	DA
1	RADAR LLC	/h1b-sponsors/radar-llc-x30qo11r2q	DA
1	INDIANA UNIVERSITY HEALTH INC	/h1b-sponsors/indiana-university-health-inc-rd0gwy7v2o	DA
1	GO8 IT INC	/h1b-sponsors/go8-it-inc-50nrvqeg2g	DA
1	BRIGHAM AND WOMENS HOSPITAL	/h1b-sponsors/brigham-and-womens-hospital-x237nzxqkg	DA
1	SPARK TEK INC	/h1b-sponsors/spark-tek-inc-70oj47lv2z	DA
1	P C INSURANCE AGENCY LLC	/h1b-sponsors/p-c-insurance-agency-llc-50nrvw1e2g	DA
1	EXCELON SOLUTIONS LLC	/h1b-sponsors/excelon-solutions-llc-510jngv52v	DA
1	MSG ENTERTAINMENT HOLDINGS LLC	/h1b-sponsors/msg-entertainment-holdings-llc-82wreezok1	DA
1	MOBICLOUD LLC	/h1b-sponsors/mobicloud-llc-101zwqv827	DA
1	MACKIN CONSULTANCY LLC	/h1b-sponsors/mackin-consultancy-llc-nokpr4ln24	DA
1	VENTECHSOFT INC	/h1b-sponsors/ventechsoft-inc-vk48p39y0w	DA
1	ADROIT INNOVATIVE SOLUTIONS INC	/h1b-sponsors/adroit-innovative-solutions-inc-x237q7j3kg	DA
1	ENVESTNET FINANCIAL TECHNOLOGIES INC	/h1b-sponsors/envestnet-financial-technologies-inc-l9k5lwpd01	DA
1	PASSIVELOGIC INC	/h1b-sponsors/passivelogic-inc-vk48pd4v0w	DA
1	VASTIKA INC	/h1b-sponsors/vastika-inc-101zyjmp27	DA
1	TEKSTAD INC	/h1b-sponsors/tekstad-inc-101zdpv627	DA
1	INCLOUD LLC	/h1b-sponsors/incloud-llc-g27r4y1q05	DA
1	GLENYSYS TECHNOLOGIES INC	/h1b-sponsors/glenysys-technologies-inc-1k9n4rev2m	DA
1	NETLINE TECHNOLOGIES LLC	/h1b-sponsors/netline-technologies-llc-370oxmlx0z	DA
1	OM USA LLC	/h1b-sponsors/om-usa-llc-82wre5xlk1	DA
1	FIRST ORION CORP	/h1b-sponsors/first-orion-corp-nokpr6wz24	DA
1	THE PRINCIPAL CONSULTING INC	/h1b-sponsors/the-principal-consulting-inc-d1k99v6vkm	DA
1	IDFL LABORATORY AND INSTITUTE INC	/h1b-sponsors/idfl-laboratory-and-institute-inc-ok85qdl3kd	DA
1	SCRIPTGUIDE RX INC	/h1b-sponsors/scriptguide-rx-inc-101z9m8627	DA
1	NETFLIX INC	/h1b-sponsors/netflix-inc-510j1zxe0v	DA
1	MELLOW SOFT INC	/h1b-sponsors/mellow-soft-inc-x237zqeqkg	DA
1	OPEN SPONSORSHIP CORP	/h1b-sponsors/open-sponsorship-corp-rd0gmey0o1	DA
1	CLOUDINFRAIT INC	/h1b-sponsors/cloudinfrait-inc-vk484nvp0w	DA
1	FLOWWEST LLC	/h1b-sponsors/flowwest-llc-okprnjr124	DA
1	INFOTECH SPECTRUM INC	/h1b-sponsors/infotech-spectrum-inc-n60e8njl0z	DA
1	BETTER FUTURE SOLUTIONS INC	/h1b-sponsors/better-future-solutions-inc-okprnq7n24	DA
1	ZIKSATECH LLC	/h1b-sponsors/ziksatech-llc-30q4oo98kq	DA
1	PRIMITIVE PARTNERS LLC	/h1b-sponsors/primitive-partners-llc-g2r6y4992l	DA
1	TERRASOUL SUPERFOODS LLC	/h1b-sponsors/terrasoul-superfoods-llc-w2xpzv6nk3	DA
1	VRAJVIHAR LLC	/h1b-sponsors/vrajvihar-llc-g0667mwm0q	DA
1	DATA CONCEPTS LLC	/h1b-sponsors/data-concepts-llc-dvk4n76y0w	DA
1	GOLDARCH CONSULTING LLC	/h1b-sponsors/goldarch-consulting-llc-okpre81n24	DA
1	UPSTART NETWORK INC	/h1b-sponsors/upstart-network-inc-150n4l5gkg	DA
1	OVERAIR INC	/h1b-sponsors/overair-inc-okpre4o124	DA
1	UIPATHTEK LLC	/h1b-sponsors/uipathtek-llc-70oj7nqv2z	DA
1	NOVAGIGS INC	/h1b-sponsors/novagigs-inc-v82wo91xk1	DA
1	INDUS BUSINESS SOLUTIONS INC	/h1b-sponsors/indus-business-solutions-inc-x23767v3kg	DA
1	SANAV TECHNOLOGIES LLC	/h1b-sponsors/sanav-technologies-llc-r0v6nvl3k1	DA
1	ATOKA TECHNOLOGIES INC	/h1b-sponsors/atoka-technologies-inc-1k9n7l3x2m	DA
1	AGAP TECHNOLOGIES INC	/h1b-sponsors/agap-technologies-inc-8r0vgw4301	DA
1	MINDSHIRE CONSULTING LLC	/h1b-sponsors/mindshire-consulting-llc-g2r68de62l	DA
1	CYGNUS PROFESSIONALS INC	/h1b-sponsors/cygnus-professionals-inc-dvk4j63pkw	DA
1	HOME DEPOT USA INC	/h1b-sponsors/home-depot-usa-inc-370oqm6qkz	DA
1	FORTISVIEW LLC	/h1b-sponsors/fortisview-llc-1k9nxm1x2m	DA
1	SIGNITIVES TECHNOLOGIES LLC	/h1b-sponsors/signitives-technologies-llc-d0g9368yko	DA
1	WOOD MACKENZIE INC	/h1b-sponsors/wood-mackenzie-inc-v82wwqlo21	DA
1	BLEICHMAR FONTI & AULD LLP	/h1b-sponsors/bleichmar-fonti-and-auld-llp-g0667gjq0q	DA
1	CEREBRAL TECHNOLOGIES INC	/h1b-sponsors/cerebral-technologies-inc-vx23x33x2g	DA
1	RED HAT INC	/h1b-sponsors/red-hat-inc-d1k9z6nq2m	DA
1	MINDPROS INC	/h1b-sponsors/mindpros-inc-1ok83zxz0d	DA
1	BLUE ONION LABS INC	/h1b-sponsors/blue-onion-labs-inc-60eqwo6r0z	DA
1	CHARTMETRIC INC	/h1b-sponsors/chartmetric-inc-n60e5y4l0z	DA
1	ZOOM VIDEO COMMUNICATIONS INC	/h1b-sponsors/zoom-video-communications-inc-ew2x8xpr03	DA
1	KAAYATECH	/h1b-sponsors/kaayatech-d0g9543yko	DA
1	COMPSTAK INC	/h1b-sponsors/compstak-inc-v82wzeqo21	DA
1	ITAMERICA INC	/h1b-sponsors/itamerica-inc-ok854onzkd	DA
1	MODUS HEALTH GROUP INC	/h1b-sponsors/modus-health-group-inc-m2m6n7e401	DA
1	KGATE TECHNOLOGIES INC	/h1b-sponsors/kgate-technologies-inc-m2m6exwd01	DA
1	BECTON DICKINSON AND COMPANY BD	/h1b-sponsors/becton-dickinson-and-company-bd-em2mzpq9k1	DA
1	OSO VENTURES INC	/h1b-sponsors/oso-ventures-inc-okprr5w924	DA
1	SKYGEN USA LLC	/h1b-sponsors/skygen-usa-llc-60eq9mnn0z	DA
1	ESALON.COM LLC	/h1b-sponsors/esalon-dot-com-llc-5g2rn3x60l	DA
1	TECH IT SOLUTIONS INC	/h1b-sponsors/tech-it-solutions-inc-rd0gnyn52o	DA
1	SRS INVESTMENT MANAGEMENT LLC	/h1b-sponsors/srs-investment-management-llc-560dd4mp08	DA
1	EMD MILLIPORE CORPORATION	/h1b-sponsors/emd-millipore-corporation-6g06z64pkq	DA
1	YANDEX SELF DRIVING GROUP INC	/h1b-sponsors/yandex-self-driving-group-inc-g0667v530q	DA
1	SAMSARA INC	/h1b-sponsors/samsara-inc-50nrqdxr2g	DA
1	SPRINGSHINE CONSULTING INC	/h1b-sponsors/springshine-consulting-inc-370o44qx2z	DA
1	ALTRINSIC GLOBAL ADVISORS LLC	/h1b-sponsors/altrinsic-global-advisors-llc-dvk4ym4ykw	DA
1	AGILEITSERVICE LLC	/h1b-sponsors/agileitservice-llc-r0v6ro4qk1	DA
1	EDELMAN FINANCIAL ENGINES LLC	/h1b-sponsors/edelman-financial-engines-llc-x30q9wyz2q	DA
1	OST INC	/h1b-sponsors/ost-inc-6g065eq3kq	DA
1	NIMBLERX INC	/h1b-sponsors/nimblerx-inc-60eq7x8m0z	DA
1	GROUPM WORLDWIDE LLC	/h1b-sponsors/groupm-worldwide-llc-rd0gjgx50o	DA
1	CONVERGENCE DATA SERVICES INC	/h1b-sponsors/convergence-data-services-inc-m2m6p54701	DA
1	WIND FINANCIAL INFORMATION LLC	/h1b-sponsors/wind-financial-information-llc-370olz1q0z	DA
1	CORPORATION SERVICE COMPANY	/h1b-sponsors/corporation-service-company-g06653j10q	DA
1	HEIFER PROJECT INTERNATIONAL	/h1b-sponsors/heifer-project-international-l9k5ggp821	DA
1	APPLIED COMPUTER TECHNIQUES INC	/h1b-sponsors/applied-computer-techniques-inc-82wr64lok1	DA
1	Y AXIS INC	/h1b-sponsors/y-axis-inc-ew2xo93y23	DA
1	SIMARN LLC	/h1b-sponsors/simarn-llc-4l0yjdr60x	DA
1	VLAUNCH SOLUTIONS LLC	/h1b-sponsors/vlaunch-solutions-llc-w2xpmz16k3	DA
1	CORELOGIC SOLUTIONS LLC	/h1b-sponsors/corelogic-solutions-llc-rd0g8q3q2o	DA
1	RANG TECHNOLOGIES INC	/h1b-sponsors/rang-technologies-inc-5g2rjg6kly	DA
1	SAVI TECHNOLOGIES INC	/h1b-sponsors/savi-technologies-inc-op0ly3gx2l	DA
1	SCHOLAR IT SOLUTIONS INC	/h1b-sponsors/scholar-it-solutions-inc-x237xwy3kg	DA
1	TRANSTECH ENGINEERS INC	/h1b-sponsors/transtech-engineers-inc-1kznzd5ykm	DA
1	NHN GLOBAL INC	/h1b-sponsors/nhn-global-inc-ew2xzw6m03	DA
1	CPX INTERACTIVE LLC	/h1b-sponsors/cpx-interactive-llc-x30qn8lg0q	DA
1	EQUITABLE FINANCIAL LIFE INSURANCE COMPANY	/h1b-sponsors/equitable-financial-life-insurance-company-1kzny1mykm	DA
1	DTE ENERGY CORPORATE SERVICES LLC	/h1b-sponsors/dte-energy-corporate-services-llc-d1k9newr2m	DA
1	LOKAVANT INC	/h1b-sponsors/lokavant-inc-82wr4l7jk1	DA
1	IPIVOT LLC	/h1b-sponsors/ipivot-llc-rd0gv3wv0o	DA
1	INMAR BRAND SOLUTIONS INC	/h1b-sponsors/inmar-brand-solutions-inc-vx23yyzxkg	DA
1	MOJO SOLUTIONS AND SERVICES MSS LLC	/h1b-sponsors/mojo-solutions-and-services-mss-llc-em2mw737k1	DA
1	ICAHN SCHOOL OF MEDICINE AT MOUNT SINAI	/h1b-sponsors/icahn-school-of-medicine-at-mount-sinai-1ok8mqvr2d	DA
1	LENOVO UNITED STATES INC	/h1b-sponsors/lenovo-united-states-inc-nokpr1nz24	DA
1	SWISS RE AMERICA HOLDING CORPORATION	/h1b-sponsors/swiss-re-america-holding-corporation-nokpr6rq24	DA
1	MEETUP LLC	/h1b-sponsors/meetup-llc-p0l4ro1j2l	DA
1	PC CONNECTION INC DBA CONNECTION	/h1b-sponsors/pc-connection-inc-dba-connection-m2m66d4901	DA
1	DRFIRST.COM INC	/h1b-sponsors/drfirst-dot-com-inc-560ddp9608	DA
1	APPSTREAM TECHNOLOGIES LLC	/h1b-sponsors/appstream-technologies-llc-10j7pmx50v	DA
1	EMC CONSULTING GROUP INC	/h1b-sponsors/emc-consulting-group-inc-150n5xm10g	DA
1	JOBSPRO INC	/h1b-sponsors/jobspro-inc-p0l41ylx2l	DA
1	ADVANTIS GLOBAL LLC	/h1b-sponsors/advantis-global-llc-m2m6pg8701	DA
1	FRESHWORKS INC	/h1b-sponsors/freshworks-inc-560d1oxp08	DA
1	DANA FARBER CANCER INSTITUTE	/h1b-sponsors/dana-farber-cancer-institute-on60eynkz5	DA
1	REDSOURCE TECHNOLOGIES INC	/h1b-sponsors/redsource-technologies-inc-1kzng1x4km	DA
1	GANESH SAI INC	/h1b-sponsors/ganesh-sai-inc-60eqw8gm0z	DA
1	PIVOTAL ANALYTICS INC	/h1b-sponsors/pivotal-analytics-inc-d0g95145ko	DA
1	TAILSCALE US INC	/h1b-sponsors/tailscale-us-inc-1k9n55lx2m	DA
1	MODESTO TECH SOLUTIONS LLC	/h1b-sponsors/modesto-tech-solutions-llc-60eqw3r90z	DA
1	ANALYTICS9 SOLUTIONS INC	/h1b-sponsors/analytics9-solutions-inc-em2m17yj21	DA
1	REALTECH SERVICES LLC	/h1b-sponsors/realtech-services-llc-p0l486vl2l	DA
1	MEGHAZ INC	/h1b-sponsors/meghaz-inc-1kzny3zykm	DA
1	CALABITEK INC	/h1b-sponsors/calabitek-inc-g2r6l7v82l	DA
1	IMINDS TECHNOLOGY SYSTEMS INC	/h1b-sponsors/iminds-technology-systems-inc-x23799ogkg	DA
1	WAVESOFT SOLUTIONS INC	/h1b-sponsors/wavesoft-solutions-inc-1kznwjdykm	DA
1	DYNATA LLC	/h1b-sponsors/dynata-llc-em2mpp3521	DA
1	ITSPURS INC	/h1b-sponsors/itspurs-inc-60d9rmz6k8	DA
1	PROG LEASING LLC	/h1b-sponsors/prog-leasing-llc-9k5n5nm6k1	DA
1	DPR SOLUTIONS INC	/h1b-sponsors/dpr-solutions-inc-d1k9m9ex0m	DA
1	EEPLUS INC	/h1b-sponsors/eeplus-inc-nokpopey24	DA
1	CR TECHNOLOGIES INC	/h1b-sponsors/cr-technologies-inc-nokpd7x1k4	DA
1	EPIC CREATIONS INC	/h1b-sponsors/epic-creations-inc-x30q7d38kq	DA
1	AMERICAN IT SOLUTIONS INC	/h1b-sponsors/american-it-solutions-inc-g1016v66k7	DA
1	TECHHUT CORPORATION	/h1b-sponsors/techhut-corporation-g2r6yx962l	DA
1	ITECH GO LLC	/h1b-sponsors/itech-go-llc-m2m6e3e401	DA
1	VGW LUCKYLAND INC	/h1b-sponsors/vgw-luckyland-inc-10j71wvg0v	DA
1	VENSIT CORP	/h1b-sponsors/vensit-corp-op0l6edz0l	DA
1	DATALAB USALLC	/h1b-sponsors/datalab-usallc-p0lg9e1m2l	DA
1	LUCKY LINCOLN GAMING LLC	/h1b-sponsors/lucky-lincoln-gaming-llc-60eqwgr90z	DA
1	MADAGONI LLC	/h1b-sponsors/madagoni-llc-60d9j1lek8	DA
1	FAXIANIT INC	/h1b-sponsors/faxianit-inc-50nr8pnr2g	DA
1	DISQO INC	/h1b-sponsors/disqo-inc-510jno8e2v	DA
1	MAKO INTERMEDIATE HOLDINGS LLC DBA EAGLESTONE LLC	/h1b-sponsors/mako-intermediate-holdings-llc-dba-eaglestone-llc-82wreoylk1	DA
1	PINAL COUNTY COMMUNITY COLLEGE DISTRICT	/h1b-sponsors/pinal-county-community-college-district-l0yv3y350x	DA
1	SPRO SYSTEMS INC	/h1b-sponsors/spro-systems-inc-v82wqlpj21	DA
1	BOSTON SMARTSTUDY LLC	/h1b-sponsors/boston-smartstudy-llc-x237x1dnkg	DA
1	LIVE NATION WORLDWIDE INC	/h1b-sponsors/live-nation-worldwide-inc-op0l4ywj2l	DA
1	AGILENT TECHNOLOGIES INC	/h1b-sponsors/agilent-technologies-inc-1k9nwe182m	DA
1	METABASE INC	/h1b-sponsors/metabase-inc-ok859o6zkd	DA
1	SUNSOFT SERVICES INC	/h1b-sponsors/sunsoft-services-inc-1ok8z83kdz	DA
1	ROOTSHELL ENTERPRISE TECHNOLOGIES INC	/h1b-sponsors/rootshell-enterprise-technologies-inc-vk48g51y0w	DA
1	ALBERT EINSTEIN COLLEGE OF MEDICINE	/h1b-sponsors/albert-einstein-college-of-medicine-30q4w8xrkq	DA
1	THE FIELD MUSEUM OF NATURAL HISTORY	/h1b-sponsors/the-field-museum-of-natural-history-r0v6od13k1	DA
1	GS SOFT INC	/h1b-sponsors/gs-soft-inc-510jr13lkv	DA
1	INFOSHARE SYSTEMS INC	/h1b-sponsors/infoshare-systems-inc-510jwydl2v	DA
1	CONTEXTLOGIC INC DBA WISH	/h1b-sponsors/contextlogic-inc-dba-wish-150ng9yrkg	DA
1	SVK TECHNOLOGY SOLUTIONS INC	/h1b-sponsors/svk-technology-solutions-inc-101zxzmv27	DA
1	OSC ORBIT SERVICE COMPANY LLC	/h1b-sponsors/osc-orbit-service-company-llc-g2r6l47e2l	DA
1	MAPFRE USA CORP	/h1b-sponsors/mapfre-usa-corp-nokpwx7904	DA
1	HELEN LIFE INC	/h1b-sponsors/helen-life-inc-9k5njnp9k1	DA
1	SPARITY INC	/h1b-sponsors/sparity-inc-p1kz7ex42m	DA
1	NEW YORK CITY HEALTH AND HOSPITALS CORPORATION	/h1b-sponsors/new-york-city-health-and-hospitals-corporation-p1kzwlmykm	DA
1	SMARTSOFT INTERNATIONAL INC	/h1b-sponsors/smartsoft-international-inc-d0g9mglvko	DA
1	LIFEMD INC	/h1b-sponsors/lifemd-inc-50nr8z912g	DA
1	SYNDICATE SERVICES LLC	/h1b-sponsors/syndicate-services-llc-ok859qlwkd	DA
1	DATALAB USA LLC	/h1b-sponsors/datalab-usa-llc-em2m96pj01	DA
1	RESONATE NETWORKS INC	/h1b-sponsors/resonate-networks-inc-pg27zxgpk5	DA
1	CINARRA SYSTEMS INC	/h1b-sponsors/cinarra-systems-inc-5g2rgo8ekl	DA
1	RAYLOT RESOURCES INC	/h1b-sponsors/raylot-resources-inc-60eq67zl0z	DA
1	WOODLAND FOODS LLC	/h1b-sponsors/woodland-foods-llc-70ojvzxn2z	DA
1	STELLAR SERVICES INC	/h1b-sponsors/stellar-services-inc-1ok8d36z2d	DA
1	AC DISASTER CONSULTING LLC	/h1b-sponsors/ac-disaster-consulting-llc-60d974zdk8	DA
1	WEB DESIGN AND CONSULTING SERVICES INC	/h1b-sponsors/web-design-and-consulting-services-inc-8r0v31pgk1	DA
1	AVVENTIS TECH INC	/h1b-sponsors/avventis-tech-inc-g2r6wvl32l	DA
1	FUTU CLEARING INC	/h1b-sponsors/futu-clearing-inc-m2m6dpvj01	DA
1	DYNAMIC ACCESS SYSTEMS INC	/h1b-sponsors/dynamic-access-systems-inc-dvk4ee6y0w	DA
1	MORGAN STATE UNIVERSITY	/h1b-sponsors/morgan-state-university-r0v615qgk1	DA
1	S & V TEK SYSTEMS LLC	/h1b-sponsors/s-and-v-tek-systems-llc-m2m6ew9401	DA
1	GLOBAL TECHNOLOGY AND SERVICES INC	/h1b-sponsors/global-technology-and-services-inc-nokpgr4yk4	DA
1	HALO AI INC	/h1b-sponsors/halo-ai-inc-60ee9v5r0z	DA
1	YUNHONG CTI LTD	/h1b-sponsors/yunhong-cti-ltd-p0l415nm2l	DA
1	SOFTWORLD TECHNOLOGIES LLC	/h1b-sponsors/softworld-technologies-llc-x30q33nz2q	DA
1	BLUEOWL LLC	/h1b-sponsors/blueowl-llc-l9k5x83901	DA
1	ISITE TECHNOLOGIES INC	/h1b-sponsors/isite-technologies-inc-pg273o4q05	DA
1	FIERCE SOLUTION LLC	/h1b-sponsors/fierce-solution-llc-em2mq9v4k1	DA
1	NILE GROUP	/h1b-sponsors/nile-group-g2r68ep62l	DA
1	TECH WISH LLC	/h1b-sponsors/tech-wish-llc-w2xpmlgrk3	DA
1	CPX INTERACTICE LLC	/h1b-sponsors/cpx-interactice-llc-okp4j7l9k4	DA
1	HEALTH PAYROLL SERVICES LLC	/h1b-sponsors/health-payroll-services-llc-ok859de5kd	DA
1	B3R TECHNOLOGIES LLC	/h1b-sponsors/b3r-technologies-llc-d0g95w97ko	DA
1	RADISH CONSULTANTS LLC	/h1b-sponsors/radish-consultants-llc-10j7r3de0v	DA
1	XTGLOBAL INC	/h1b-sponsors/xtglobal-inc-d1k9lm7xkm	DA
1	WIMMER SOLUTIONS CORPORATION	/h1b-sponsors/wimmer-solutions-corporation-1k9njyv82m	DA
1	MOSS MOTORS LTD	/h1b-sponsors/moss-motors-ltd-1ok8o3130d	DA
1	SKAN INC	/h1b-sponsors/skan-inc-x237x3z3kg	DA
1	SPRUCE TECHNOLOGY INC	/h1b-sponsors/spruce-technology-inc-9k5n7r16k1	DA
1	SYSPRO IT SOLUTIONS INC	/h1b-sponsors/syspro-it-solutions-inc-30q4drz1kq	DA
1	VERIDA INC	/h1b-sponsors/verida-inc-m2m6ped501	DA
1	WP COMPANY LLC	/h1b-sponsors/wp-company-llc-4l0yxvg1kx	DA
1	EMBTEL INC	/h1b-sponsors/embtel-inc-x30qgzwzkq	DA
1	VESTWELL HOLDINGS INC	/h1b-sponsors/vestwell-holdings-inc-w2xpr69nk3	DA
1	ATYETI INC	/h1b-sponsors/atyeti-inc-dvk4mlqpkw	DA
1	QUOTELAB LLC	/h1b-sponsors/quotelab-llc-d1k9glzv0m	DA
1	VST CONSULTING INC	/h1b-sponsors/vst-consulting-inc-pg271n8m25	DA
1	MIDWEST EVALUATION AND RESEARCH LLC	/h1b-sponsors/midwest-evaluation-and-research-llc-70ojvrzn2z	DA
1	LUCILE PACKARD CHILDRENS HOSPITAL STANFORD	/h1b-sponsors/lucile-packard-childrens-hospital-stanford-g2r6934o2l	DA
1	UNIFIED TECH GROUP INC	/h1b-sponsors/unified-tech-group-inc-dvk4l6xn2w	DA
1	SOFAR SOUNDS LLC	/h1b-sponsors/sofar-sounds-llc-370oj13n2z	DA
1	MULTI MEDIA LLC	/h1b-sponsors/multi-media-llc-vx23j3vxkg	DA
1	CSSI INC	/h1b-sponsors/cssi-inc-5g2rw66e0l	DA
1	SMARTWORKSLLC	/h1b-sponsors/smartworksllc-d0g93v57ko	DA
1	ERP ANALYSTS INC	/h1b-sponsors/erp-analysts-inc-l9k5eryrk1	DA
1	CAMBRIDGE UNIVERSITY PRESS	/h1b-sponsors/cambridge-university-press-p0l45jw42l	DA
1	OCBANG INC	/h1b-sponsors/ocbang-inc-op0ln8ojkl	DA
1	OXFORD ECONOMICS USA INC	/h1b-sponsors/oxford-economics-usa-inc-1kznl1r7km	DA
1	KNOTCH INC	/h1b-sponsors/knotch-inc-8r0vv3qq01	DA
1	UNITED FORTUNE IT SOLUTIONS	/h1b-sponsors/united-fortune-it-solutions-m2m6edz501	DA
1	DOXIMITY INC	/h1b-sponsors/doximity-inc-5g2r3oo92l	DA
1	APRICOT INFO TECH INC	/h1b-sponsors/apricot-info-tech-inc-w2xpm636k3	DA
1	ATAPCLOUD LLC	/h1b-sponsors/atapcloud-llc-d0g9j93yko	DA
1	THOMAS JEFFERSON UNIVERSITY	/h1b-sponsors/thomas-jefferson-university-150negng0g	DA
1	REMITLY INC	/h1b-sponsors/remitly-inc-150n9r3p2g	DA
1	TEKORG INC	/h1b-sponsors/tekorg-inc-g1011j7z07	DA
1	QVERGE LLC	/h1b-sponsors/qverge-llc-vx233rxv2g	DA
1	GIRIKON INC	/h1b-sponsors/girikon-inc-op0lo78x0l	DA
1	KEN SYSTEMS INC	/h1b-sponsors/ken-systems-inc-8r0vmgq301	DA
1	OPEN ROAD INTEGRATED MEDIA INC	/h1b-sponsors/open-road-integrated-media-inc-vx237pnvkg	DA
1	DIGITAL INTELLIGENCE SYSTEMS LLC DISYS	/h1b-sponsors/digital-intelligence-systems-llc-disys-1ok838wo0d	DA
1	SYRACUSE CITY SCHOOL DISTRICT	/h1b-sponsors/syracuse-city-school-district-p0l4475l2l	DA
1	VLINK INC	/h1b-sponsors/vlink-inc-150n1vd1kg	DA
1	CAPRUS IT INC	/h1b-sponsors/caprus-it-inc-d1k9yy8w0m	DA
1	DECIMALHEALTH LLC	/h1b-sponsors/decimalhealth-llc-30q4pvqrkq	DA
1	MC SQUARED AI LLC	/h1b-sponsors/mc-squared-ai-llc-ok851vrzkd	DA
1	CONSTANT CONTACT INC	/h1b-sponsors/constant-contact-inc-9k5n8lzdk1	DA
1	R W SELBY & CO INC	/h1b-sponsors/r-w-selby-and-co-inc-g06694930q	DA
1	IHS GLOBAL INC	/h1b-sponsors/ihs-global-inc-l9k5m78621	DA
1	TEKWAY INC	/h1b-sponsors/tekway-inc-370oo3wr0z	DA
1	ENQUBES INC	/h1b-sponsors/enqubes-inc-560d8rmw28	DA
1	4CONSULTING INC	/h1b-sponsors/4consulting-inc-d0g9mz3wko	DA
1	DAVITA INC	/h1b-sponsors/davita-inc-vx2369xg2g	DA
1	INTELLILINK TECHNOLOGIES INC	/h1b-sponsors/intellilink-technologies-inc-510j5j9g2v	DA
1	OPTORO INC	/h1b-sponsors/optoro-inc-v82wlgpok1	DA
1	NEUTRONIT INC	/h1b-sponsors/neutronit-inc-8r0v4emj01	DA
1	BAHWAN CYBERTEK INC	/h1b-sponsors/bahwan-cybertek-inc-370ov5xv2z	DA
1	UNIVERSITY OF GEORGIA	/h1b-sponsors/university-of-georgia-1k9no13v2m	DA
1	VERTEX ANALYTICS INC	/h1b-sponsors/vertex-analytics-inc-x30qwvqg0q	DA
1	SAICON CONSULTANTS INC	/h1b-sponsors/saicon-consultants-inc-op0ljr9m2l	DA
1	INTELLECTT INC	/h1b-sponsors/intellectt-inc-g0664oyp0q	DA
1	EXPEDENT CORP	/h1b-sponsors/expedent-corp-6g06r38q0q	DA
1	BIZWAVEZ INC	/h1b-sponsors/bizwavez-inc-101zdvqo27	DA
1	WINTRUST INVESTMENTS LLC	/h1b-sponsors/wintrust-investments-llc-okprgvy124	DA
1	KNOWN GLOBAL LLC	/h1b-sponsors/known-global-llc-x2373ozgkg	DA
1	INNOVATIVE INTELLIGENT SOLUTIONS LLC	/h1b-sponsors/innovative-intelligent-solutions-llc-x30qrlqr2q	DA
1	FENIX DIAMONDS LLC	/h1b-sponsors/fenix-diamonds-llc-60eqp9jm0z	DA
1	KIEWIT ENGINEERING GROUP INC	/h1b-sponsors/kiewit-engineering-group-inc-x30q39z2qp	DA
1	SHIVAM INFOTECH INC	/h1b-sponsors/shivam-infotech-inc-ew2xeqyn03	DA
1	ROCKTOP TECHNOLOGIES LLC	/h1b-sponsors/rocktop-technologies-llc-82wrew84k1	DA
1	APEX ANALYTIX LLC	/h1b-sponsors/apex-analytix-llc-op0ldn6m2l	DA
1	TRIANGLE HOME FASHIONS LLC	/h1b-sponsors/triangle-home-fashions-llc-p1kz1mn92m	DA
1	YOUNG & ELLISON LLC	/h1b-sponsors/young-and-ellison-llc-60d9gr4ek8	DA
1	RAVEN SOFTWARE SOLUTIONS INC	/h1b-sponsors/raven-software-solutions-inc-1ok8lxpo0d	DA
1	BUTLER SHINE STERN & PARTNERS LLC	/h1b-sponsors/butler-shine-stern-and-partners-llc-op0lv17z2l	DA
1	LIB N LEO LLC	/h1b-sponsors/lib-n-leo-llc-em2m4z5921	DA
1	SPIN ANALYTICS AND STRATEGY LLC	/h1b-sponsors/spin-analytics-and-strategy-llc-rd0g7qjq0o	DA
1	DDC ADVOCACY LLC	/h1b-sponsors/ddc-advocacy-llc-p1kz6qv40m	DA
1	HEALTHCARE STRATEGY GROUP LLC	/h1b-sponsors/healthcare-strategy-group-llc-m2m6prn701	DA
1	GEMINISOFT SOLUTIONS INC	/h1b-sponsors/geminisoft-solutions-inc-60d9xo7wk8	DA
1	OPTUM SERVICES INC	/h1b-sponsors/optum-services-inc-1ok838go0d	DA
1	GOLDEN IVY MARKETING INC	/h1b-sponsors/golden-ivy-marketing-inc-vx23617v2g	DA
1	USG INC	/h1b-sponsors/usg-inc-10j71q610v	DA
1	EVERSOFT TECHNOLOGIES LLC	/h1b-sponsors/eversoft-technologies-llc-10j735m50v	DA
1	3K TECHNOLOGIES LLC	/h1b-sponsors/3k-technologies-llc-1ok8wovokd	DA
1	VANDERBILT UNIVERSITY	/h1b-sponsors/vanderbilt-university-pg276v4p05	DA
1	ATLAS HEALTHCARE PARTNERS LLC	/h1b-sponsors/atlas-healthcare-partners-llc-50nrvg3e2g	DA
1	VISIO SYSTEMS INC	/h1b-sponsors/visio-systems-inc-g27rn5py05	DA
1	SUNPOWER CORPORATION SYSTEMS	/h1b-sponsors/sunpower-corporation-systems-okprx68n24	DA
1	6COM INC	/h1b-sponsors/6com-inc-dvk4r18n2w	DA
1	AFFINITY SOLUTIONS INC	/h1b-sponsors/affinity-solutions-inc-x30qlxwg2q	DA
1	BYTE LINK SYSTEMS INC	/h1b-sponsors/byte-link-systems-inc-1kznyeqykm	DA
1	RAVH IT INC	/h1b-sponsors/ravh-it-inc-x30qj3vrkq	DA
1	THE PERFECT CHILD MSO LLC	/h1b-sponsors/the-perfect-child-mso-llc-70ojvv1n2z	DA
1	SQUAD SOFTWARE INC	/h1b-sponsors/squad-software-inc-g0668p7q0q	DA
1	CAREPOINT HEALTH LLC	/h1b-sponsors/carepoint-health-llc-10j7r6m50v	DA
1	INSIGHT GLOBAL LLC	/h1b-sponsors/insight-global-llc-rd0gn1xw2o	DA
1	SYNAPSIS INC	/h1b-sponsors/synapsis-inc-d1k95jw2mp	DA
1	FLEXGEN POWER SYSTEMS	/h1b-sponsors/flexgen-power-systems-x2378ojvkg	DA
1	WAVE SOLUTIONS INC	/h1b-sponsors/wave-solutions-inc-x237976qkg	DA
1	EVRY USA CORPORATION	/h1b-sponsors/evry-usa-corporation-dvk43nlg2w	DA
1	ROKT CORP	/h1b-sponsors/rokt-corp-101zz4op27	DA
1	CITADEL ENTERPRISE AMERICAS SERVICES LLC	/h1b-sponsors/citadel-enterprise-americas-services-llc-w2xp74gqk3	DA
1	MESONS TECHNOLOGIES LLC	/h1b-sponsors/mesons-technologies-llc-d0g9ezqyko	DA
1	ALEXANDER YOUTH NETWORK	/h1b-sponsors/alexander-youth-network-em2molv701	DA
1	LANCO GLOBAL SYSTEMS INC	/h1b-sponsors/lanco-global-systems-inc-dvk4deynkw	DA
1	ROIVANT SCIENCES INC	/h1b-sponsors/roivant-sciences-inc-dvk411mykw	DA
1	PROXIM SYSTEMS INC	/h1b-sponsors/proxim-systems-inc-9k5nn9xrk1	DA
1	VEEHA IT SOLUTIONS LLC	/h1b-sponsors/veeha-it-solutions-llc-m2m6pvoj01	DA
1	AMERICAN FIRST FINANCE LLC	/h1b-sponsors/american-first-finance-llc-okpre8l124	DA
1	GOOGLE LLC	/h1b-sponsors/google-llc-em2mg7pj21	DA
1	CRIZIT LLC	/h1b-sponsors/crizit-llc-101zjee827	DA
1	Q SERVICES LLC	/h1b-sponsors/q-services-llc-d1k9gmlq0m	DA
1	DICE LION TECHNOLOGY LLC	/h1b-sponsors/dice-lion-technology-llc-9k5n473rk1	DA
1	RXADVANCE CORPORATION	/h1b-sponsors/rxadvance-corporation-8r0v8d921v	DA
1	PYRAMID TECHNOLOGY SOLUTIONS INC	/h1b-sponsors/pyramid-technology-solutions-inc-d1k9qdxq2m	DA
1	GROKSYS LLC	/h1b-sponsors/groksys-llc-10j73dye0v	DA
1	EPAM SYSTEMS INC	/h1b-sponsors/epam-systems-inc-4l0y5oxq2x	DA
1	MAXPEP LLC	/h1b-sponsors/maxpep-llc-l0yvjw110x	DA
1	E2 CONSULTING ENGINEERS INC	/h1b-sponsors/e2-consulting-engineers-inc-ok855xo3kd	DA
1	MSX INTERNATIONAL RNS LLC	/h1b-sponsors/msx-international-rns-llc-510jrvmpkv	DA
1	JPS TECH SOLUTIONS LLC	/h1b-sponsors/jps-tech-solutions-llc-60d9q9wek8	DA
1	NEWSDAY LLC	/h1b-sponsors/newsday-llc-60d9z7rxk8	DA
1	ELIM BIOPHARMACEUTICALS INC	/h1b-sponsors/elim-biopharmaceuticals-inc-vx23z9qv0g	DA
1	DULLES ENGINEERING INC	/h1b-sponsors/dulles-engineering-inc-9k5ngxvyk1	DA
1	STRIPE INC	/h1b-sponsors/stripe-inc-p1kzwpdykm	DA
1	UCARE MINNESOTA	/h1b-sponsors/ucare-minnesota-4l0y1gg60x	DA
1	CLOUD NINE TEK LLC	/h1b-sponsors/cloud-nine-tek-llc-w2xpzreqk3	DA
1	FORBES MEDIA LLC	/h1b-sponsors/forbes-media-llc-1kznnqzjkm	DA
1	ITE MANAGEMENT LP	/h1b-sponsors/ite-management-lp-rd0g7m50o1	DA
1	CALTEK SOLUTIONS INC	/h1b-sponsors/caltek-solutions-inc-d1k9yz580m	DA
1	RADIYANT CONSULTING LLC	/h1b-sponsors/radiyant-consulting-llc-r0v6j973k1	DA
1	LAWFULLY INC	/h1b-sponsors/lawfully-inc-560dv5me08	DA
1	MOTIMATIC PBC	/h1b-sponsors/motimatic-pbc-82wr683jk1	DA
1	SUNTECHPROS INC	/h1b-sponsors/suntechpros-inc-8r0voz7jk1	DA
1	TRUIST BANK	/h1b-sponsors/truist-bank-d0g9dd35ko	DA
1	CELESDATA INC	/h1b-sponsors/celesdata-inc-l9k5x6d901	DA
1	AMERICAN PSYCHIATRIC ASSOCIATION	/h1b-sponsors/american-psychiatric-association-60d99m1dk8	DA
1	SAG PRODUCERS PENSION PLAN	/h1b-sponsors/sag-producers-pension-plan-p0l43xyl2l	DA
1	LAKEVIEW LOAN SERVICING LLC	/h1b-sponsors/lakeview-loan-servicing-llc-1kznll14km	DA
1	CAO GROUP INC	/h1b-sponsors/cao-group-inc-vx23z7nq0g	DA
1	NEXT PHASE SYSTEMS INC	/h1b-sponsors/next-phase-systems-inc-101zzvxv27	DA
1	HELISHORES INC	/h1b-sponsors/helishores-inc-d0g9dpp7ko	DA
1	HERALD OFFICE SUPPLY INC	/h1b-sponsors/herald-office-supply-inc-g27jyx4q25	DA
1	FLUKE CORPORATION	/h1b-sponsors/fluke-corporation-1ok8zg45kd	DA
1	RESEARCH FOUNDATION OF CUNY	/h1b-sponsors/research-foundation-of-cuny-v82ww97l21	DA
1	LOGGING IN.COM LLC	/h1b-sponsors/logging-in-dot-com-llc-rd0geygy2o	DA
1	DATASOFT GLOBAL LLC	/h1b-sponsors/datasoft-global-llc-ok85vy75kd	DA
1	LAFAYETTE COLLEGE	/h1b-sponsors/lafayette-college-60eqxj910z	DA
1	EPIK SOLUTIONS	/h1b-sponsors/epik-solutions-150n85w90g	DA
1	DEALER OWNED WARRANTY COMPANY LLC	/h1b-sponsors/dealer-owned-warranty-company-llc-okprx8zq24	DA
1	SRI SAI LLC	/h1b-sponsors/sri-sai-llc-70ojoopr2z	DA
1	NEUMERIC TECHNOLOGIES CORPORATION	/h1b-sponsors/neumeric-technologies-corporation-d0g994nqko	DA
1	REI SYSTEMS INC	/h1b-sponsors/rei-systems-inc-n60eeln10z	DA
1	ST CLOUD TECHNICAL AND COMMUNITY COLLEGE	/h1b-sponsors/st-cloud-technical-and-community-college-d0g99zjyko	DA
1	MAXIM HEALTHCARE SERVICES INC	/h1b-sponsors/maxim-healthcare-services-inc-em2mw3o4k1	DA
1	SHARETHIS INC	/h1b-sponsors/sharethis-inc-1ok83dnz0d	DA
1	CODEMOXIE SOLUTIONS LLC	/h1b-sponsors/codemoxie-solutions-llc-60eqjopl0z	DA
1	AMERICAN LIGHTING INDUSTRY CORP	/h1b-sponsors/american-lighting-industry-corp-60d9nxmxk8	DA
1	VISIBLE SUPPLY CHAIN MANAGEMENT LLC	/h1b-sponsors/visible-supply-chain-management-llc-30q499j1kq	DA
1	AMZUR TECHNOLOGIES INC	/h1b-sponsors/amzur-technologies-inc-6g06rznq0q	DA
1	FLUKE ELECTRONICS CORPORATION	/h1b-sponsors/fluke-electronics-corporation-em2myy3521	DA
1	KENCO MANAGEMENT SERVICES LLC	/h1b-sponsors/kenco-management-services-llc-101z7nvo27	DA
1	ANKR PBC	/h1b-sponsors/ankr-pbc-1ok8wjmrkd	DA
1	PEBLLA INC	/h1b-sponsors/peblla-inc-1k9noyyw2m	DA
1	WHIRLPOOL CORPORATION	/h1b-sponsors/whirlpool-corporation-l9k5pdly21	DA
1	CITY OF COLLEGE PARK GEORGIA	/h1b-sponsors/city-of-college-park-georgia-50nr1zqg2g	DA
1	BYHEART INC	/h1b-sponsors/byheart-inc-10j7rx610v	DA
1	MEGATRENDZ MEDIA USA INC	/h1b-sponsors/megatrendz-media-usa-inc-370oqjznkz	DA
1	CLOUD BEEZ STRATEGIC SOLUTIONS LLC	/h1b-sponsors/cloud-beez-strategic-solutions-llc-p0lg9wgj2l	DA
1	CS CABINET LLC	/h1b-sponsors/cs-cabinet-llc-d1k9869q2m	DA
1	THE UNIVERSITY OF TEXAS AT EL PASO	/h1b-sponsors/the-university-of-texas-at-el-paso-60d919xxk8	DA
1	SUBSTACK INC	/h1b-sponsors/substack-inc-g27re58m05	DA
1	TUNIRASOFT LLC	/h1b-sponsors/tunirasoft-llc-g1013y7zk7	DA
1	TEK GIGZ LLC	/h1b-sponsors/tek-gigz-llc-x30q6mnz2q	DA
1	OCCIDENTAL PETROLEUM CORPORATION	/h1b-sponsors/occidental-petroleum-corporation-x237y63xkg	DA
1	NOVA CREDIT INC	/h1b-sponsors/nova-credit-inc-5g2r4376kl	DA
1	MEDALLIA INC	/h1b-sponsors/medallia-inc-g2r6z4de2l	DA
1	PC CONNECTION INC	/h1b-sponsors/pc-connection-inc-dvk4eq1y0w	DA
1	DIGITALIS INC	/h1b-sponsors/digitalis-inc-1kznd8p7km	DA
1	TEKSTROM INC	/h1b-sponsors/tekstrom-inc-510jnpd12v	DA
1	FUSION PLUS SOLUTIONS INC	/h1b-sponsors/fusion-plus-solutions-inc-370o4wjn2z	DA
1	CYBERBRIDGE INTERNATIONAL INC DBA CREOSPAN INC	/h1b-sponsors/cyberbridge-international-inc-dba-creospan-inc-vx2367nq2g	DA
1	ORCHID TECH	/h1b-sponsors/orchid-tech-70ojmlpq2z	DA
1	ABD SOLUTIONS INC	/h1b-sponsors/abd-solutions-inc-rd0glg8yko	DA
1	PRUTECH SOLUTIONS INC	/h1b-sponsors/prutech-solutions-inc-8r0vqm921v	DA
1	GLOBAL DATA MANAGEMENT INC	/h1b-sponsors/global-data-management-inc-d1k93y18km	DA
1	MADISON DAVIS LLC	/h1b-sponsors/madison-davis-llc-60d9rnrwk8	DA
1	ZILLION TECHNOLOGIES INC	/h1b-sponsors/zillion-technologies-inc-5g2rjw83kl	DA
1	EMPOWER PROFESSIONALS INC	/h1b-sponsors/empower-professionals-inc-pg27w7gpk5	DA
1	UNITED BUS TECHNOLOGY INC	/h1b-sponsors/united-bus-technology-inc-n60edvznkz	DA
1	SPURCROFT INC	/h1b-sponsors/spurcroft-inc-9k5n9zw9k1	DA
1	NIAGARA MACHINE INC	/h1b-sponsors/niagara-machine-inc-op0lx1rz0l	DA
1	GRUBMARKET INC	/h1b-sponsors/grubmarket-inc-560dp68p08	DA
1	AVIGHNA SOLUTIONS LLC	/h1b-sponsors/avighna-solutions-llc-1k9n5jrw2m	DA
1	LARES IT SOLUTIONS INC	/h1b-sponsors/lares-it-solutions-inc-p1kzwvrykm	DA
1	DELIVERR INC	/h1b-sponsors/deliverr-inc-op0lxyn40l	DA
1	OBJECTS ON NET INC	/h1b-sponsors/objects-on-net-inc-g27r7q3y05	DA
1	SIGNIN SOFT INC	/h1b-sponsors/signin-soft-inc-w2xpm586k3	DA
1	MCKINSEY & COMPANY INC UNITED STATES	/h1b-sponsors/mckinsey-and-company-inc-united-states-op0l6qll0l	DA
1	AMERITAS LIFE INSURANCE CORP	/h1b-sponsors/ameritas-life-insurance-corp-10j7m3pg0v	DA
1	STARTECH NETWORKS INC	/h1b-sponsors/startech-networks-inc-op0l7nwx2l	DA
1	TENASKA INC	/h1b-sponsors/tenaska-inc-l9k5g6wr21	DA
1	ECOM STRATEGIES LLC	/h1b-sponsors/ecom-strategies-llc-m2m6eg8701	DA
1	REYOGMAR TECHNOLOGIES INC	/h1b-sponsors/reyogmar-technologies-inc-101zjldz27	DA
1	MEDINNOVA USA INC	/h1b-sponsors/medinnova-usa-inc-1ok8m66w2d	DA
1	THE UNIVERSITY OF TOLEDO	/h1b-sponsors/the-university-of-toledo-vx2391xv2g	DA
1	ACCELERIZE 360 INC	/h1b-sponsors/accelerize-360-inc-1ok8o1er0d	DA
1	DATAQUAD INC	/h1b-sponsors/dataquad-inc-30q4wz3nkq	DA
1	CYBERENDER LLC	/h1b-sponsors/cyberender-llc-82wregnok1	DA
1	DALLAS THEOLOGICAL SEMINARY	/h1b-sponsors/dallas-theological-seminary-nokp86vz04	DA
1	VIRTUEON LLC	/h1b-sponsors/virtueon-llc-10j7r3g50v	DA
1	STEP ONE AUTOMOTIVE GROUP LLC	/h1b-sponsors/step-one-automotive-group-llc-60eqpjn10z	DA
1	G2O LLC	/h1b-sponsors/g2o-llc-rd0gv66v0o	DA
1	ANCILE INC	/h1b-sponsors/ancile-inc-dvk4ml6vkw	DA
1	BESHTON SOFTWARE INC	/h1b-sponsors/beshton-software-inc-op0lljx0l6	DA
1	DUN & BRADSTREET INC	/h1b-sponsors/dun-and-bradstreet-inc-g2r64px32l	DA
1	BRIDGETREE LLC	/h1b-sponsors/bridgetree-llc-70ojl4on2z	DA
1	THE FIDELIS GROUP	/h1b-sponsors/the-fidelis-group-op0ll5lz0l	DA
1	APEX TECHNOLOGY GROUP INC	/h1b-sponsors/apex-technology-group-inc-x30qpg9gkq	DA
1	FUTU CLEARING LLC	/h1b-sponsors/futu-clearing-llc-x237mypnkg	DA
1	IROBOT CORPORATION	/h1b-sponsors/irobot-corporation-rd0gzx452o	DA
1	HDI GLOBAL INSURANCE COMPANY	/h1b-sponsors/hdi-global-insurance-company-1kznvgq7km	DA
1	VEN SOFT LLC	/h1b-sponsors/ven-soft-llc-dvk4e4rg0w	DA
1	AAA ROBOTICS INC	/h1b-sponsors/aaa-robotics-inc-70ojv1nr2z	DA
1	CBOE GLOBAL MARKETS INC	/h1b-sponsors/cboe-global-markets-inc-1ok89v30dz	DA
